Complaint ID,Date,Ward/Area,Complaint Details,Reporter Phone,Pincode,Latitude,Longitude,Reporter Name,Extra Notes
311-198622,01-05-2026 20:58,Ranip,Main road asphalt is completely ruined after recent rain.,+91 67046 99082,380019,23.09143911,72.5393164,Frederick Gandhi,
311-260886,09-05-2026,Bodakdev,Garbage truck has not come since 3 days.,6161564104,380086,22.97700707,72.6511603,,
311-393574,N/A,Dariapur,Garbage truck has not come since 3 days.,-90046,380072,,,Udyati Sibal,Sit perspiciatis nemo id tenetur.
311-405265,"May 10, 2026",Thaltej,Huge pothole in the middle of the road causing traffic block.,7304569388,380076,22.97859284,72.51710943,કુમારી રાહુલ કુમાર,
311-127346,19-05-2026,Nikol,"રસ્તા પર મોટા ખાડા પડી ગયા છે, બાઇક ચલાવવામાં તકલીફ થાય છે.",+91 86393 73657,380085,23.07515645,72.63428414,હર્ષલ જોષી,
311-103552,12-05-2026 12:58,Bopal,"pani ka pressure bohot low hai, building ke upper floor pe nahi chadta.",-91117,380034,,,શ્રીમતી વર્ષા પટેલ,
311-870764,"May 07, 2026",Bopal,"yahan par kachra bohot jama ho gaya hai, clean karvao please.",7649751007,380082,22.94760608,72.52599494,Aachal Andra,
311-214925,16-05-2026,Astodia,Main road asphalt is completely ruined after recent rain.,12345,380067,22.94496863,72.53110222,Chaitanya Nanda,
311-668437,N/A,Dariapur,"street light kharab hai, switch board me se smoke nikal raha hai.",8274543309,380082,23.04285618,72.50587837,આનંદ ગુપ્તા,
311-494381,28-04-2026 03:58,Ranip,Broken streetlight pole outside house number 45.,+91 66242 29327,0,22.95598664,72.6071083,,
311-315954,03-05-2026 14:58,Jamalpur,Broken streetlight pole outside house number 45.,,380035,,,Avni Solanki,
311-932900,23-04-2026 02:58,Jodhpur,Main road asphalt is completely ruined after recent rain.,,380058,,,શ્રીમતી પૂજા ચૌધરી,
311-249751,04-05-2026,Bopal,"yahan par kachra bohot jama ho gaya hai, clean karvao please.",12345,38000,22.99511124,72.54966792,Rayaan Sridhar,
311-257351,17-05-2026,Navrangpura,Water pipeline leakage near the garden wall.,+91 78251 76678,380053,,,Maanas Bail,Quasi ratione soluta placeat quae quaerat.
311-143484,01-05-2026,Nikol,Water logging due to blocked sewer outlet in our society lane.,7312888440,0,23.09622217,72.63365656,રાજેશ ચૌધરી,
311-713682,28-04-2026 19:58,Satellight,"road damage ho gaya hai pipe fitting work ke baad, repairing baki hai.",-90882,380089,,,Ganga Pingle,Veritatis enim quia similique necessitatibus.
311-745393,02-05-2026 17:58,Bodakdev,પીવાના પાણીમાં ગંદુ ગટરનું પાણી મિક્સ થઈને આવે છે.,12345,380031,22.98964247,72.59907654,Advaith Shetty,Fuga libero ratione expedita labore quos aspernatur minima.
311-370501,17-05-2026 04:58,Maninagar,"ગટર લાઇન સાફ કરવાની જરૂર છે, ગંદકી વધી ગઈ છે.",6955285584,380099,22.97096894,72.60852303,Girish Lal,
311-642597,19-04-2026,Near Temple,Broken streetlight pole outside house number 45.,-97062,380028,22.96433833,72.51044762,Nidhi Mahal,
311-371303,"Apr 24, 2026",Dariapur,Garbage truck has not come since 3 days.,+91 65325 08105,,23.10211969,72.6093551,સમીર જોષી,Debitis amet error quaerat assumenda excepturi.
311-215631,19-05-2026,Dariapur,Sewer leakage/blockage near the main road. Water is overflowing.,6011480902,38000,23.07143909,72.58306831,જય ચૌધરી,
311-855993,02-05-2026 08:58,Nikol,Blockage in drainage pipe behind standard chartered bank.,-120904,380017,22.97533628,72.51984368,,
311-680993,05-05-2026 01:58,Near Temple,"road damage ho gaya hai pipe fitting work ke baad, repairing baki hai.",9149693306,380019,23.02580306,72.56451536,તુષાર શર્મા,
311-288095,10-05-2026,Jamalpur,No water supply in our area since yesterday morning.,-128559,380015,22.97456843,72.59653652,શેખર શર્મા,
311-887876,03-05-2026,Paldi,Water logging due to blocked sewer outlet in our society lane.,,380083,23.04400447,72.6448638,Bhanumati Subramanian,
311-247256,"May 06, 2026",,"drainage line choke up hogayi hai, smell bohot gandi aa rahi hai.",12345,380013,,,શ્રી માન મિતુલ શર્મા,
311-635522,17-05-2026 00:58,Vastrapur,Garbage truck has not come since 3 days.,7020514623,380092,23.08046175,72.5981403,Upasna Hans,
311-246696,N/A,Jamalpur,"કચરાપેટી ભરાઈ ગઈ છે, બહાર બધો કચરો પડ્યો છે.",6958708017,380066,,,હીરા ગઢવી,
311-379454,14-05-2026 23:58,Vastrapur,Garbage truck has not come since 3 days.,,380064,,,Kritika Bahl,
311-851860,11-05-2026,Narnapura,Street light is not working. The entire alley is dark and unsafe.,+91 84680 40440,380055,,,Sathvik Kota,
311-340423,"Apr 27, 2026",Maninagar,"સ્ટ્રીટ લાઈટ બંધ છે, રાત્રે અંધારું રહે છે.",+91 86400 37529,38000,22.94631247,72.60359708,નીરજ જૈન,
311-560520,28-04-2026 17:58,Ranip,પીવાના પાણીમાં ગંદુ ગટરનું પાણી મિક્સ થઈને આવે છે.,,38000,23.01065439,72.57835591,Urvi Golla,
311-312913,"Apr 20, 2026",Naranpura,Huge garbage pile at the corner of the street. Nobody is cleaning it.,-173338,380046,23.0543097,72.63033342,કુમારી સમીર ચૌધરી,
311-516787,19-05-2026 16:24,Dariapur,Main road asphalt is completely ruined after recent rain.,+91 61831 78979,380061,23.04225667,72.51226675,Samaksh Nadig,
311-494157,19-05-2026,Vastrapur lake side,Main road asphalt is completely ruined after recent rain.,-146339,380032,,,પ્રતિક ચૌધરી,Assumenda dolores blanditiis modi.
311-376826,10-05-2026 21:58,Kalupur,Broken streetlight pole outside house number 45.,-76709,380082,,,Arunima Dugal,Molestias amet eius dolorem.
311-898127,N/A,Nikol,"pani ka pressure bohot low hai, building ke upper floor pe nahi chadta.",6884605809,380010,,,,
311-115978,19-05-2026 16:06,Nikol,"yahan par kachra bohot jama ho gaya hai, clean karvao please.",,380037,,,,
311-855993,19-05-2026 15:11,Nikol,Blockage in drainage pipe behind standard chartered bank.,-120904,380017,22.97533628,72.51984368,,
311-912470,"Apr 24, 2026",Kalupur,"રસ્તા પર મોટા ખાડા પડી ગયા છે, બાઇક ચલાવવામાં તકલીફ થાય છે.",-81396,380079,23.09390895,72.62797835,કુનાલ ગઢવી,
311-348912,09-05-2026 02:58,Naranpura cross,Water pipeline leakage near the garden wall.,+91 78934 82362,380047,22.94716764,72.50684931,શ્રીમતી જગદીશ જૈન,
311-217462,08-05-2026 01:58,Bopal,"street light kharab hai, switch board me se smoke nikal raha hai.",12345,0,22.99353713,72.53657293,આનંદ ગુપ્તા,
311-466063,03-05-2026 06:58,Satellite,Street light is not working. The entire alley is dark and unsafe.,9209571055,380070,22.98762322,72.49831463,કુમારી કાજલ પટેલ,
311-313871,N/A,Ahmedabad City,"રસ્તા પર મોટા ખાડા પડી ગયા છે, બાઇક ચલાવવામાં તકલીફ થાય છે.",-155974,380049,23.01751089,72.53492811,Gavin Mani,Ut velit reprehenderit cumque neque ipsum.
311-737162,23-04-2026,Ahmedabad City,"road damage ho gaya hai pipe fitting work ke baad, repairing baki hai.",7706751416,380049,22.99812833,72.60442798,શ્રી નીરજ ગઢવી,
311-152308,"Apr 23, 2026",Chandkheda,પીવાના પાણીમાં ગંદુ ગટરનું પાણી મિક્સ થઈને આવે છે.,+91 69954 51464,380038,22.95553779,72.60628376,દિનેશ પટેલ,Eaque ab nesciunt possimus harum.
311-627578,06-05-2026 03:58,Jamalpur,Main road asphalt is completely ruined after recent rain.,7689958823,380081,,,Harinakshi Chopra,
311-202580,"Apr 20, 2026",Paldi,"સ્ટ્રીટ લાઈટ બંધ છે, રાત્રે અંધારું રહે છે.",6016520636,380029,,,,
311-644254,16-05-2026 04:58,Narnapura,"સ્ટ્રીટ લાઈટ બંધ છે, રાત્રે અંધારું રહે છે.",6850517265,Ahmedabad,23.04324219,72.5980558,,Voluptatibus repellat fuga.
311-593655,14-05-2026,Bodakdev,Water logging due to blocked sewer outlet in our society lane.,-127732,380099,,,Yahvi Dugar,Explicabo nemo qui nihil vel.
311-250884,01-05-2026,Naranpra,Broken streetlight pole outside house number 45.,,380082,22.98134422,72.50528024,Janani Sampath,
311-115978,30-04-2026,Nikol,"yahan par kachra bohot jama ho gaya hai, clean karvao please.",,380037,,,,
311-207609,02-05-2026 16:58,Vastrapur area,Main road asphalt is completely ruined after recent rain.,7149552483,380037,,,,Nihil nesciunt dolore voluptas distinctio iusto dolorem veritatis.
311-836472,19-05-2026,Navrangpura,પીવાના પાણીમાં ગંદુ ગટરનું પાણી મિક્સ થઈને આવે છે.,6384626286,380016,23.04464381,72.59626823,પ્રણવ પટેલ,
311-101915,27-04-2026,Ahmedabad City,"road damage ho gaya hai pipe fitting work ke baad, repairing baki hai.",+91 62394 13548,380055,,,ઉર્વી ચૌધરી,
311-104095,12-05-2026 06:58,Thaltej char rasta,Main road asphalt is completely ruined after recent rain.,,380053,23.04951542,72.64980789,શ્રી રાહુલ ચૌધરી,
311-131067,24-04-2026 00:58,Vastrapur area,"pani ka pressure bohot low hai, building ke upper floor pe nahi chadta.",12345,380099,,,શ્વેતા ગુપ્તા,
311-158773,15-05-2026 07:58,Maninagar,Huge pothole in the middle of the road causing traffic block.,+91 60188 69148,380044,,,,
311-476458,14-05-2026,Main Chowk,પીવાના પાણીમાં ગંદુ ગટરનું પાણી મિક્સ થઈને આવે છે.,6976422602,38000,23.08646804,72.52277387,શ્રી શેખર ચૌધરી,
311-744569,"May 19, 2026",Shahpur,Garbage truck has not come since 3 days.,,380067,,,Unnati Maharaj,
311-255564,30-04-2026,Girdhar Nagar,"ગટર લાઇન સાફ કરવાની જરૂર છે, ગંદકી વધી ગઈ છે.",+91 88884 38616,380080,22.98251858,72.58065348,વિશાલ ચૌધરી,
311-740726,N/A,Jamalpur,"ગટર લાઇન સાફ કરવાની જરૂર છે, ગંદકી વધી ગઈ છે.",,380030,22.98930318,72.55827449,Balvan Ratta,At temporibus voluptates unde.
311-774708,"May 03, 2026",Thaltej char rasta,"રસ્તા પર મોટા ખાડા પડી ગયા છે, બાઇક ચલાવવામાં તકલીફ થાય છે.",,380053,23.07904355,72.53275031,સચિન ચૌધરી,
311-578997,11-05-2026 16:58,Jodhpur,Garbage truck has not come since 3 days.,-141737,380076,,,સુભાષ જોષી,Corrupti ratione quas esse maiores recusandae possimus nam.
311-731014,26-04-2026,Vstrapur,ગટર ઉભરાય છે અને ગંદુ પાણી રસ્તા પર આવે છે.,6812758172,380037,,,Ekavir Mukherjee,
311-672991,N/A,Girdhar Nagar,Street light is not working. The entire alley is dark and unsafe.,9300262485,Ahmedabad,,,Dipta Mander,
311-654381,17-05-2026,Satelite Road,"pani ka pressure bohot low hai, building ke upper floor pe nahi chadta.",+91 93424 43646,380057,23.08796066,72.59987911,Ladli Bakshi,
311-603020,30-04-2026 00:58,Vastrapur area,No water supply in our area since yesterday morning.,8757666328,,,,કુમારી વિરાજ ચૌધરી,Repellat neque delectus iste.
311-516672,19-05-2026 15:08,Paldi,"drainage line choke up hogayi hai, smell bohot gandi aa rahi hai.",+91 72541 45928,,22.9530549,72.50412865,Yochana Balasubramanian,
311-489045,"May 18, 2026",Maninagar,Water logging due to blocked sewer outlet in our society lane.,9803902333,380090,23.0153383,72.62053611,રાહુલ ગઢવી,
311-495976,"Apr 27, 2026",Navrangpura,"સ્ટ્રીટ લાઈટ બંધ છે, રાત્રે અંધારું રહે છે.",+91 62059 27301,380076,23.05922062,72.6133367,શ્રી માન કિરણ જૈન,
311-844953,"May 19, 2026",Girdhar Nagar,Garbage truck has not come since 3 days.,-182861,380074,0,0,Gautami Master,
311-239827,19-05-2026,Bdkdev,Water pipeline leakage near the garden wall.,9026341944,380064,22.97115106,72.58459829,Samaksh Agrawal,Magnam maiores provident blanditiis dicta.
311-755212,02-05-2026,Satellite,"સ્ટ્રીટ લાઈટ બંધ છે, રાત્રે અંધારું રહે છે.",-78607,380086,23.0488863,72.50914719,શ્રીમતી પ્રીતિ ગુપ્તા,
311-240801,"May 15, 2026",Thaltej,"road damage ho gaya hai pipe fitting work ke baad, repairing baki hai.",-95973,Ahmedabad,23.09981268,72.6452409,શ્રી વિરાજ ચૌધરી,Error tempore ullam repellat officiis.
311-514730,"Apr 28, 2026",Naranpura,"pani ka pressure bohot low hai, building ke upper floor pe nahi chadta.",+91 66006 49998,380012,22.98310763,72.61008925,Aradhana Contractor,
311-297169,17-05-2026,Thalteej,Huge pothole in the middle of the road causing traffic block.,9656655239,380076,,,Bhavna Dutt,
311-206754,18-04-2026 18:58,Girdhar Nagar,Blockage in drainage pipe behind standard chartered bank.,6948169982,380018,23.0857257,72.55663494,અજય ગઢવી,
311-366240,N/A,Thaltej,"drainage line choke up hogayi hai, smell bohot gandi aa rahi hai.",9180251560,380039,,,Ekiya Sangha,Animi eligendi facere aliquam dignissimos aspernatur aut.
311-940534,10-05-2026,Girdhar Nagar,Main road asphalt is completely ruined after recent rain.,+91 87668 31819,380020,,,Leena Dash,
311-584752,21-04-2026,Paldi,Garbage truck has not come since 3 days.,,380053,,,,Illo amet eius tempora qui quibusdam.
311-356814,13-05-2026,Sabarmati,Blockage in drainage pipe behind standard chartered bank.,-84356,Ahmedabad,22.98353189,72.64438675,યશ ચૌધરી,Eligendi tempora hic deleniti quaerat magnam culpa.
311-663689,"May 18, 2026",Chandkheda village,"drainage line choke up hogayi hai, smell bohot gandi aa rahi hai.",-122766,380070,0,0,Maanas Narayan,Dolorum voluptates autem distinctio.
311-338941,16-05-2026,Thaltej,Broken streetlight pole outside house number 45.,-86976,380081,23.07469805,72.53365574,Lakshit Kade,Itaque sed minima cumque esse eveniet non.
311-524187,"Apr 18, 2026",Narnapura,Water pipeline leakage near the garden wall.,-138343,0,23.03932333,72.64359997,સંજીવ ચૌધરી,Perferendis laudantium cum.
311-406443,19-05-2026 04:58,Near Temple,Garbage truck has not come since 3 days.,9274102844,380092,22.97431042,72.60426299,,Sunt eligendi porro.
311-112453,20-04-2026,Bodak dev,"ગટર લાઇન સાફ કરવાની જરૂર છે, ગંદકી વધી ગઈ છે.",,380087,,,કુમારી રાજેશ ચૌધરી,
311-764786,26-04-2026 21:58,Vastrapur,Garbage truck has not come since 3 days.,8835989341,380062,23.03331989,72.58898449,,
311-298513,22-04-2026,Thaltej,"સ્ટ્રીટ લાઈટ બંધ છે, રાત્રે અંધારું રહે છે.",7871938331,380058,23.02853732,72.50349353,Kai Bobal,Quisquam placeat in inventore provident iusto blanditiis.
311-795263,15-05-2026 07:58,Bodakdev,"રસ્તા પર મોટા ખાડા પડી ગયા છે, બાઇક ચલાવવામાં તકલીફ થાય છે.",6939089890,380047,22.96182286,72.60309475,સંદિપ શર્મા,
311-794070,13-05-2026,Dariapur,"street light kharab hai, switch board me se smoke nikal raha hai.",9455343344,Ahmedabad,22.94547151,72.64455381,Qabil Lanka,
311-257127,25-04-2026 11:58,Thalteej,ગટર ઉભરાય છે અને ગંદુ પાણી રસ્તા પર આવે છે.,-88341,38000,,,પ્રીતિ ચૌધરી,Laborum architecto nihil minus.
311-223633,17-05-2026,Shahpur,Water pipeline leakage near the garden wall.,+91 61387 95570,380043,23.02438816,72.58603628,Naksh Kumer,
311-428877,N/A,Bdkdev,Water pipeline leakage near the garden wall.,-183001,380036,,,Tara Kaul,
311-358531,N/A,Nikol,Huge garbage pile at the corner of the street. Nobody is cleaning it.,,,22.99331898,72.56252991,Jacob Pillai,
311-364168,30-04-2026 22:58,Thaltej char rasta,Water pipeline leakage near the garden wall.,6729363401,380070,22.98593657,72.52448998,Chandresh Pandey,Odio harum quos modi omnis laboriosam ratione.
311-319345,N/A,Dariapur,"road damage ho gaya hai pipe fitting work ke baad, repairing baki hai.",,,,,કુમારી પ્રાચી ચૌધરી,Velit itaque aliquid harum provident quis et consequatur.
311-584526,02-05-2026 10:58,Bdkdev,Huge garbage pile at the corner of the street. Nobody is cleaning it.,9921252890,380060,22.96718535,72.64994294,શ્રી માન હર્ષ શર્મા,
311-948804,28-04-2026,Astodia,"drainage line choke up hogayi hai, smell bohot gandi aa rahi hai.",8619179886,380010,23.05400148,72.62577523,Hiral Pant,
311-657037,"Apr 28, 2026",Ranip,ગટર ઉભરાય છે અને ગંદુ પાણી રસ્તા પર આવે છે.,9007372937,380018,22.95864381,72.49933754,કુમારી યશ કુમાર,
311-338735,"May 19, 2026",Vastrapur,Garbage truck has not come since 3 days.,7020514623,380092,23.08046175,72.5981403,Upasna Hans,
311-964779,05-05-2026 03:58,Sabarmati,Garbage truck has not come since 3 days.,+91 69594 09832,380077,22.9477308,72.63795826,Kavya Sahota,
311-373671,N/A,Chandkheda village,"ગટર લાઇન સાફ કરવાની જરૂર છે, ગંદકી વધી ગઈ છે.",12345,380076,23.05299203,72.59195492,પૂજા ગુપ્તા,Architecto quae nobis quaerat quod atque.
311-732784,"May 07, 2026",Bodakdev,Huge pothole in the middle of the road causing traffic block.,12345,380064,23.02240237,72.51688328,કુમારી અરુણ શર્મા,
311-585232,02-05-2026,Ranip,Huge pothole in the middle of the road causing traffic block.,-104073,380034,,,,Pariatur magnam ratione ex delectus cumque provident.
311-105028,"May 09, 2026",Dariapur,"road damage ho gaya hai pipe fitting work ke baad, repairing baki hai.",8892284171,380072,22.98639371,72.61487608,,
311-103945,N/A,Kalupur,"કચરાપેટી ભરાઈ ગઈ છે, બહાર બધો કચરો પડ્યો છે.",+91 85249 75777,380011,23.06154905,72.57755211,શ્રીમતી સૂરજ કુમાર,
311-485453,22-04-2026,Jodhpur,No water supply in our area since yesterday morning.,+91 99311 47323,380023,23.06691921,72.55350988,Hitesh Zacharia,Libero dolorum quam ipsa dolores.
311-102081,"May 06, 2026",Kalupur,Street light is not working. The entire alley is dark and unsafe.,7670821201,380055,,,,
311-748134,27-04-2026,Sabarmati,Sewer leakage/blockage near the main road. Water is overflowing.,7215845597,38000,,,શ્રી માન કિરણ જૈન,
311-313871,19-05-2026 16:29,Ahmedabad City,"રસ્તા પર મોટા ખાડા પડી ગયા છે, બાઇક ચલાવવામાં તકલીફ થાય છે.",-155974,380049,23.01751089,72.53492811,Gavin Mani,Ut velit reprehenderit cumque neque ipsum.
311-714451,26-04-2026 07:58,Chandkheda,"street light kharab hai, switch board me se smoke nikal raha hai.",+91 66136 10607,38000,,,પૂજા કુમાર,
311-752058,"May 07, 2026",Astodia,"pani ka pressure bohot low hai, building ke upper floor pe nahi chadta.",-114761,,22.97553043,72.60976885,,Harum cupiditate ea dignissimos libero.
311-576570,"May 19, 2026",Near Temple,Street light is not working. The entire alley is dark and unsafe.,-172844,380076,,,શ્રી હર્ષ ગઢવી,
311-599982,23-04-2026,,"કચરાપેટી ભરાઈ ગઈ છે, બહાર બધો કચરો પડ્યો છે.",,380030,,,શ્રી વસંત પટેલ,
311-205669,09-05-2026,Vstrapur,"pani ka pressure bohot low hai, building ke upper floor pe nahi chadta.",6057504757,380035,,,પૂજા ગઢવી,
311-261708,21-04-2026 05:58,Thaltej,"yahan par kachra bohot jama ho gaya hai, clean karvao please.",,380050,23.04294899,72.56003368,પૂજા ચૌધરી,
311-454202,"Apr 26, 2026",Jamalpur,Garbage truck has not come since 3 days.,-113300,380055,,,કુમાર ચૌધરી,
311-335395,19-05-2026 13:58,Dariapur,Blockage in drainage pipe behind standard chartered bank.,-91628,380076,,,Aryan Brahmbhatt,
311-463521,17-05-2026 15:58,Naranpura cross,"કચરાપેટી ભરાઈ ગઈ છે, બહાર બધો કચરો પડ્યો છે.",8268197443,380052,23.0870846,72.59957493,Jonathan Bath,Eligendi facilis totam provident possimus est optio repudiandae.
311-218826,"May 19, 2026",Thaltej char rasta,"રસ્તા પર મોટા ખાડા પડી ગયા છે, બાઇક ચલાવવામાં તકલીફ થાય છે.",,380053,23.07904355,72.53275031,સચિન ચૌધરી,
311-298127,14-05-2026 13:58,Nikol,"drainage line choke up hogayi hai, smell bohot gandi aa rahi hai.",+91 94509 87923,380028,23.0509483,72.50921684,શ્રીમતી સંદિપ ગુપ્તા,Voluptatibus ea aliquam beatae voluptate.
311-481468,"Apr 25, 2026",Vastrapur lake side,Huge pothole in the middle of the road causing traffic block.,-143052,380087,,,Ekalinga Jhaveri,
311-905870,12-05-2026 06:58,Ahmedabad City,પીવાના પાણીમાં ગંદુ ગટરનું પાણી મિક્સ થઈને આવે છે.,-133888,380045,23.06358862,72.53205532,Januja Batra,
311-351706,"Apr 24, 2026",Bopal,Street light is not working. The entire alley is dark and unsafe.,-114166,380088,23.09832621,72.49692014,શ્રી માન પ્રણવ કુમાર,
311-490581,05-05-2026 16:58,,Huge garbage pile at the corner of the street. Nobody is cleaning it.,12345,Ahmedabad,23.02966114,72.53195932,કુમારી પ્રાચી પટેલ,Minima consectetur quae deleniti eius.
311-496648,19-05-2026 16:43,Kalupur,"સ્ટ્રીટ લાઈટ બંધ છે, રાત્રે અંધારું રહે છે.",+91 95315 79292,380036,22.99082412,72.63651195,Madhav Swaminathan,
311-510046,12-05-2026 03:58,Naranpura,"કચરાપેટી ભરાઈ ગઈ છે, બહાર બધો કચરો પડ્યો છે.",12345,380039,22.96573039,72.63955225,કુમારી પૂજા ચૌધરી,
311-191374,09-05-2026 06:58,Ranip,"સ્ટ્રીટ લાઈટ બંધ છે, રાત્રે અંધારું રહે છે.",,380085,23.05325849,72.52322301,Pahal Sunder,
311-218545,28-04-2026 02:58,Near Temple,"સ્ટ્રીટ લાઈટ બંધ છે, રાત્રે અંધારું રહે છે.",-141948,380019,22.9650711,72.52958395,Rajata Gour,
311-700543,30-04-2026 19:58,Satellight,"road damage ho gaya hai pipe fitting work ke baad, repairing baki hai.",+91 97456 79998,380097,22.9875637,72.63271481,Upma Bandi,
311-515919,N/A,Astodia,No water supply in our area since yesterday morning.,,380 001,22.96893519,72.548036,Dayita Rout,
311-869906,"Apr 23, 2026",Main Chowk,Blockage in drainage pipe behind standard chartered bank.,+91 94703 33967,380091,22.9448261,72.58084564,,Quo neque tempora quod maxime accusamus in.
311-814614,N/A,Nvarangpura,Sewer leakage/blockage near the main road. Water is overflowing.,-126814,380012,,,અક્ષય ગુપ્તા,
311-887876,19-05-2026 16:23,Paldi,Water logging due to blocked sewer outlet in our society lane.,,380083,23.04400447,72.6448638,Bhanumati Subramanian,
311-196738,N/A,Nikol,"ગટર લાઇન સાફ કરવાની જરૂર છે, ગંદકી વધી ગઈ છે.",8604906711,380085,23.0135615,72.52931886,Tripti Parmar,
311-837542,20-04-2026 00:58,Maninagar,"કચરાપેટી ભરાઈ ગઈ છે, બહાર બધો કચરો પડ્યો છે.",-99623,380065,23.00556014,72.60769683,સૂરજ ચૌધરી,
311-188898,12-05-2026 20:58,Thaltej,Blockage in drainage pipe behind standard chartered bank.,+91 74846 37777,380024,,,Zinal Bahl,
311-886297,15-05-2026,Near Temple,Huge pothole in the middle of the road causing traffic block.,7427004697,380068,23.05948301,72.58090161,શ્રી અશોક જોષી,Tenetur officiis deserunt rem corrupti debitis.
311-320910,13-05-2026,Sabarmati,Sewer leakage/blockage near the main road. Water is overflowing.,,380091,,,કુમારી અક્ષય શર્મા,Quasi id dolorem omnis.
311-207412,19-05-2026 15:05,Chandkheda,"yahan par kachra bohot jama ho gaya hai, clean karvao please.",8370199546,380051,22.99385127,72.61818853,કુમારી વર્ષા જોષી,
311-612171,"May 01, 2026",Astodia,Main road asphalt is completely ruined after recent rain.,8652455861,380029,,,યશ ચૌધરી,Voluptas recusandae asperiores tenetur aspernatur.
311-977049,"May 03, 2026",Satellight,Sewer leakage/blockage near the main road. Water is overflowing.,8267912628,380053,,,Guneet Mannan,Adipisci ab non.
311-183217,19-05-2026,Astodia,Main road asphalt is completely ruined after recent rain.,,380047,,,Jairaj Bumb,
311-237371,08-05-2026 15:58,,પીવાના પાણીમાં ગંદુ ગટરનું પાણી મિક્સ થઈને આવે છે.,12345,380057,23.03421811,72.58044211,Gunbir Zachariah,
311-338681,27-04-2026 01:58,Shahpur,Blockage in drainage pipe behind standard chartered bank.,9635708075,380034,23.01838884,72.61392116,શ્રીમતી ઉર્વી પટેલ,
311-923879,10-05-2026,Bopal,"street light kharab hai, switch board me se smoke nikal raha hai.",9203976453,380098,23.05636363,72.53411524,,
311-506169,16-05-2026 03:58,Satelite Road,"drainage line choke up hogayi hai, smell bohot gandi aa rahi hai.",-172145,380097,23.02968246,72.5553144,Jatin Patla,Eligendi ab voluptatem dolorum minima natus pariatur voluptatibus.
311-738763,27-04-2026,Main Chowk,"yahan par kachra bohot jama ho gaya hai, clean karvao please.",-121077,,,,Anay Nagarajan,Reiciendis autem ratione.
311-761477,09-05-2026 13:58,Ranip,Garbage truck has not come since 3 days.,8950913829,380084,,,અર્જુન પટેલ,
311-313807,"Apr 19, 2026",Girdhar Nagar,"ગટર લાઇન સાફ કરવાની જરૂર છે, ગંદકી વધી ગઈ છે.",+91 67118 36031,380085,23.02926285,72.51064222,Bhavini Rama,Illum magni praesentium magnam rem molestias est.
311-148246,09-05-2026 23:58,Nikol,પીવાના પાણીમાં ગંદુ ગટરનું પાણી મિક્સ થઈને આવે છે.,-146667,380083,0,0,Rajata Johal,
311-960059,09-05-2026 20:58,,Water pipeline leakage near the garden wall.,,380 001,23.07333041,72.64356427,Yutika Sami,
311-167370,N/A,Dariapur,Water pipeline leakage near the garden wall.,6405133339,380047,0,0,Qasim Ramesh,
311-685199,20-04-2026 09:58,Chandkheda,Blockage in drainage pipe behind standard chartered bank.,-151386,380036,,,Indira Sankar,
311-895266,01-05-2026 01:58,Bopal,"રસ્તા પર મોટા ખાડા પડી ગયા છે, બાઇક ચલાવવામાં તકલીફ થાય છે.",+91 91674 01286,38000,23.04995623,72.51658718,,
311-122905,24-04-2026,Paldi,"drainage line choke up hogayi hai, smell bohot gandi aa rahi hai.",-114052,380014,,,,
311-202496,08-05-2026 16:58,Sabarmati,"street light kharab hai, switch board me se smoke nikal raha hai.",-160018,380043,,,,
311-281521,N/A,Dariapur,No water supply in our area since yesterday morning.,-155949,380012,22.97376839,72.53629053,Rachita Rout,
311-981489,21-04-2026,Naranpura,Huge pothole in the middle of the road causing traffic block.,6574286663,Ahmedabad,,,શ્રીમતી અર્જુન જોષી,
311-713604,12-05-2026,Jodhpur,"street light kharab hai, switch board me se smoke nikal raha hai.",9891741453,380010,,,Gabriel Kata,Repudiandae asperiores pariatur maxime unde tempora.
311-904721,02-05-2026 12:58,,Huge pothole in the middle of the road causing traffic block.,,380098,,,Ubika Kumer,
311-790521,07-05-2026 12:58,Naranpura,"drainage line choke up hogayi hai, smell bohot gandi aa rahi hai.",-142999,380068,23.0268229,72.51062456,દીપક જોષી,Optio commodi quia minima neque doloremque corporis.
311-413204,05-05-2026 10:58,Shahpur,"yahan par kachra bohot jama ho gaya hai, clean karvao please.",+91 90143 05304,380016,23.0078917,72.61105087,Zaitra Kala,
311-641270,N/A,Satellight,"રસ્તા પર મોટા ખાડા પડી ગયા છે, બાઇક ચલાવવામાં તકલીફ થાય છે.",8079020510,38000,23.09136776,72.58499005,શ્રીમતી જયેશ ચૌધરી,
311-244020,10-05-2026,Satellite,"ગટર લાઇન સાફ કરવાની જરૂર છે, ગંદકી વધી ગઈ છે.",-83981,380034,0,0,પ્રતિક જોષી,
311-476458,19-05-2026 16:31,Main Chowk,પીવાના પાણીમાં ગંદુ ગટરનું પાણી મિક્સ થઈને આવે છે.,6976422602,38000,23.08646804,72.52277387,શ્રી શેખર ચૌધરી,
311-223446,09-05-2026,Jamalpur,"pani ka pressure bohot low hai, building ke upper floor pe nahi chadta.",9035128395,380027,,,Lakshit Choudhry,Ducimus harum soluta itaque quod.
311-271657,21-04-2026,Paldi,"pani ka pressure bohot low hai, building ke upper floor pe nahi chadta.",-142343,380081,23.00400601,72.65136568,,
311-700233,"May 15, 2026",Astodia,"pani ka pressure bohot low hai, building ke upper floor pe nahi chadta.",-89186,380089,0,0,Quincy De,
311-524161,10-05-2026 04:58,Near Temple,"રસ્તા પર મોટા ખાડા પડી ગયા છે, બાઇક ચલાવવામાં તકલીફ થાય છે.",-124021,380049,22.94540873,72.49624491,હર્ષલ જૈન,
311-865546,"May 15, 2026",Sabarmati,"yahan par kachra bohot jama ho gaya hai, clean karvao please.",6573770636,380034,,,પ્રકાશ શર્મા,
311-572209,11-05-2026,Shahpur,"road damage ho gaya hai pipe fitting work ke baad, repairing baki hai.",-158682,380074,22.99100727,72.52834593,Nirja Gole,
311-504864,29-04-2026 03:58,Satellight,"pani ka pressure bohot low hai, building ke upper floor pe nahi chadta.",,380082,22.95489764,72.64218355,અરુણ પટેલ,Ullam quos qui voluptate ratione molestias.
311-942783,N/A,Kalupur,Main road asphalt is completely ruined after recent rain.,+91 92069 80783,38000,,,બ્રિજેશ જૈન,Itaque corporis illo error reiciendis.
311-580418,05-05-2026 03:58,,Broken streetlight pole outside house number 45.,8413038133,380025,,,શ્રી માન વર્ષા પટેલ,
311-811078,21-04-2026,Astodia,Water pipeline leakage near the garden wall.,-176786,380017,,,Varsha Oza,
311-630388,19-05-2026,Dariapur,ગટર ઉભરાય છે અને ગંદુ પાણી રસ્તા પર આવે છે.,7655163472,380020,,,,
311-987657,09-05-2026,Paldi,Huge garbage pile at the corner of the street. Nobody is cleaning it.,,,,,,
311-228982,18-05-2026 11:58,Naranpura,"pani ka pressure bohot low hai, building ke upper floor pe nahi chadta.",+91 71560 25789,380062,,,Ekansh Mahajan,
311-855473,19-05-2026 15:40,Bopal,"street light kharab hai, switch board me se smoke nikal raha hai.",7612138694,38000,,,હીરા શર્મા,
311-468049,28-04-2026,Main Chowk,"road damage ho gaya hai pipe fitting work ke baad, repairing baki hai.",9627129688,380010,22.99561593,72.50306164,Upasna Dhawan,Necessitatibus eum voluptates adipisci maiores.
311-529526,06-05-2026,Vastrapur area,Huge garbage pile at the corner of the street. Nobody is cleaning it.,,380071,23.05426714,72.50329367,Saumya Chaudhry,
311-674272,"Apr 26, 2026",Paldi,Main road asphalt is completely ruined after recent rain.,+91 68364 88329,380060,22.97306872,72.60884453,Jyoti Das,
311-506188,18-05-2026 17:58,Girdhar Nagar,ગટર ઉભરાય છે અને ગંદુ પાણી રસ્તા પર આવે છે.,8100259218,380 001,22.94590601,72.53228572,Hritik Mani,
311-199857,19-05-2026 16:04,Satellight,"સ્ટ્રીટ લાઈટ બંધ છે, રાત્રે અંધારું રહે છે.",+91 84225 16225,380079,0,0,Isaiah Deshmukh,
311-885118,"May 19, 2026",Jodhpur,"કચરાપેટી ભરાઈ ગઈ છે, બહાર બધો કચરો પડ્યો છે.",9346950928,380097,,,રમેશ પટેલ,
311-451921,"May 19, 2026",Navrngpura,Water logging due to blocked sewer outlet in our society lane.,+91 73555 28843,380 001,22.98843083,72.59877797,,Aliquid culpa ut assumenda nulla.
311-794061,N/A,Ranip,Street light is not working. The entire alley is dark and unsafe.,-98166,0,,,Noah Purohit,
311-726175,29-04-2026,Paldi,Garbage truck has not come since 3 days.,+91 74712 28492,380091,23.00514816,72.56578686,Upkaar Garde,
311-236885,"May 04, 2026",Main Chowk,"yahan par kachra bohot jama ho gaya hai, clean karvao please.",,380050,22.94850706,72.49998336,શ્રી ધવલ ગઢવી,
311-276691,03-05-2026 19:58,Nikol,Blockage in drainage pipe behind standard chartered bank.,7821473131,380087,,,સંજય કુમાર,
311-802926,13-05-2026,Naranpura,Blockage in drainage pipe behind standard chartered bank.,8816454604,380066,,,,
311-442071,"May 09, 2026",Girdhar Nagar,"સ્ટ્રીટ લાઈટ બંધ છે, રાત્રે અંધારું રહે છે.",8468952079,380029,,,Viraj Brar,
311-691836,14-05-2026 23:58,Paldi,ગટર ઉભરાય છે અને ગંદુ પાણી રસ્તા પર આવે છે.,-71691,380020,23.02241538,72.54922162,Yug Narayanan,
311-851326,07-05-2026,Satelite,"સ્ટ્રીટ લાઈટ બંધ છે, રાત્રે અંધારું રહે છે.",-157358,380031,23.07159882,72.50206026,શ્રી પ્રણવ કુમાર,
311-114068,19-05-2026 16:41,Astodia,ગટર ઉભરાય છે અને ગંદુ પાણી રસ્તા પર આવે છે.,+91 99019 45516,380075,,,,
311-638420,N/A,Astodia,"કચરાપેટી ભરાઈ ગઈ છે, બહાર બધો કચરો પડ્યો છે.",8286306563,380063,23.09223895,72.59521721,Ethan Tata,
311-445502,N/A,Bodak dev,ગટર ઉભરાય છે અને ગંદુ પાણી રસ્તા પર આવે છે.,+91 98244 06841,380049,23.00207498,72.54662637,વિપુલ ચૌધરી,
311-222947,24-04-2026 06:58,Ahmedabad City,Street light is not working. The entire alley is dark and unsafe.,-121836,380015,,,,
311-727391,N/A,Bopal,"road damage ho gaya hai pipe fitting work ke baad, repairing baki hai.",+91 69006 53749,380088,23.0256744,72.59369422,શ્રીમતી વર્ષા કુમાર,Sed et magni deserunt.
311-104988,"May 19, 2026",Nikol,Water pipeline leakage near the garden wall.,+91 92461 18228,0,23.0386842,72.62144678,Hardik Dayal,Officia illum corrupti aperiam architecto totam.
311-694784,08-05-2026 08:58,Dariapur,ગટર ઉભરાય છે અને ગંદુ પાણી રસ્તા પર આવે છે.,7655163472,380020,,,,
311-864070,11-05-2026 02:58,Jamalpur,Water pipeline leakage near the garden wall.,+91 88714 61611,380017,23.00358941,72.52596964,શ્રીમતી શ્વેતા ચૌધરી,
311-772639,30-04-2026 18:58,Navrnagpura,Blockage in drainage pipe behind standard chartered bank.,,0,,,,
311-896252,18-05-2026 02:58,Main Chowk,પીવાના પાણીમાં ગંદુ ગટરનું પાણી મિક્સ થઈને આવે છે.,8788610104,38000,23.09625458,72.49185236,,
311-167274,19-05-2026,Shahpur,"ગટર લાઇન સાફ કરવાની જરૂર છે, ગંદકી વધી ગઈ છે.",,380 001,,,મુકેશ ગઢવી,Quidem sunt adipisci sapiente necessitatibus vitae inventore.
311-770308,"May 09, 2026",Ahmedabad City,Garbage truck has not come since 3 days.,6993042799,380035,,,Baljiwan Goswami,Distinctio deleniti consequatur occaecati nisi laborum repellendus.
311-830721,19-05-2026,Shahpur,Main road asphalt is completely ruined after recent rain.,7018199702,380061,23.01547295,72.55962789,શ્વેતા પટેલ,
311-369168,21-04-2026,Satellite,પીવાના પાણીમાં ગંદુ ગટરનું પાણી મિક્સ થઈને આવે છે.,,380036,,,Zansi Shan,
311-543961,"May 12, 2026",Paldi,Garbage truck has not come since 3 days.,-146965,380051,22.9493888,72.5078299,શ્રી નિખિલ ગુપ્તા,
311-435674,19-05-2026,,Huge pothole in the middle of the road causing traffic block.,7549088054,380014,22.96785078,72.55474024,કુમારી શ્રેયા ચૌધરી,Rem deleniti recusandae.
311-226914,04-05-2026 12:58,Near Temple,Broken streetlight pole outside house number 45.,,380053,,,Samuel Doshi,
311-116722,"May 06, 2026",Dariapur,Water pipeline leakage near the garden wall.,12345,Ahmedabad,23.05658096,72.54835237,કાજલ જોષી,
311-736763,19-05-2026 16:22,Nikol,"drainage line choke up hogayi hai, smell bohot gandi aa rahi hai.",,380099,22.9615818,72.55441219,Bhanumati Patil,
311-623789,30-04-2026,Jamalpur,Water pipeline leakage near the garden wall.,+91 70898 59016,,23.083318,72.55411756,Sanaya Borde,
311-255871,N/A,Astodia,Water pipeline leakage near the garden wall.,+91 71073 04863,380055,23.04793426,72.52193013,Hardik Grewal,Veniam modi fugit explicabo error nisi.
311-379454,19-05-2026 14:58,Vastrapur,Garbage truck has not come since 3 days.,,380064,,,Kritika Bahl,
311-219759,13-05-2026 06:58,,પીવાના પાણીમાં ગંદુ ગટરનું પાણી મિક્સ થઈને આવે છે.,,380023,23.10017263,72.62154368,,Perferendis odit debitis soluta ipsum dolores molestias.
311-865546,19-05-2026,Sabarmati,"yahan par kachra bohot jama ho gaya hai, clean karvao please.",6573770636,380034,,,પ્રકાશ શર્મા,
311-708776,12-05-2026,Chandkeda,"road damage ho gaya hai pipe fitting work ke baad, repairing baki hai.",+91 94734 67447,380094,,,કુમારી દીપા શર્મા,
311-363855,"May 01, 2026",Nikol,"drainage line choke up hogayi hai, smell bohot gandi aa rahi hai.",,380088,23.02704273,72.50142056,પ્રીતિ ચૌધરી,
311-308286,23-04-2026 07:58,Naranpra,Garbage truck has not come since 3 days.,9493225027,380053,,,સંજીવ શર્મા,Veniam veritatis molestias voluptatum commodi.
311-356214,19-05-2026 00:58,Sabarmati,પીવાના પાણીમાં ગંદુ ગટરનું પાણી મિક્સ થઈને આવે છે.,-155321,38000,23.07990318,72.59157023,શ્વેતા જોષી,
311-793177,24-04-2026,Vastrapur lake side,"yahan par kachra bohot jama ho gaya hai, clean karvao please.",+91 63769 59992,380064,0,0,શ્રી માન કુમાર ગઢવી,
311-835953,"May 18, 2026",Dariapur,"street light kharab hai, switch board me se smoke nikal raha hai.",6966197081,380083,22.97793446,72.58279739,Upadhriti Korpal,
311-663043,04-05-2026 12:58,Maninagar,"pani ka pressure bohot low hai, building ke upper floor pe nahi chadta.",-108741,380094,23.09884349,72.60622251,Darsh Kohli,
311-291551,23-04-2026 09:58,Girdhar Nagar,Huge garbage pile at the corner of the street. Nobody is cleaning it.,+91 68888 17107,,23.03439386,72.6057459,શ્રી વિપુલ જોષી,Est omnis aliquam minima sequi ullam quidem.
311-466273,15-05-2026,Near Temple,Street light is not working. The entire alley is dark and unsafe.,,380043,23.05201098,72.57805505,કમલ કુમાર,
311-213633,20-04-2026 17:58,Near Temple,પીવાના પાણીમાં ગંદુ ગટરનું પાણી મિક્સ થઈને આવે છે.,-78476,0,,,Radha Koshy,Quisquam temporibus doloribus molestiae pariatur.
311-776461,27-04-2026,Sabarmati,"સ્ટ્રીટ લાઈટ બંધ છે, રાત્રે અંધારું રહે છે.",12345,38000,23.06047091,72.61835378,Guneet Mital,
311-266564,09-05-2026,Thaltej char rasta,Water pipeline leakage near the garden wall.,9547639099,380019,,,,
311-272029,24-04-2026 12:58,Ranip,Huge pothole in the middle of the road causing traffic block.,-164248,380038,23.07139703,72.59743086,Brinda Setty,Sint libero corrupti soluta ipsum.
311-710461,"May 02, 2026",Shahpur,Sewer leakage/blockage near the main road. Water is overflowing.,-125846,380023,0,0,કમલ ચૌધરી,
311-924708,N/A,Jamalpur,ગટર ઉભરાય છે અને ગંદુ પાણી રસ્તા પર આવે છે.,7013113941,380055,,,,
311-378000,12-05-2026 10:58,Bopal,"road damage ho gaya hai pipe fitting work ke baad, repairing baki hai.",+91 65191 11478,380026,,,Upadhriti Sengupta,
311-162596,19-04-2026 09:58,Jamalpur,Water logging due to blocked sewer outlet in our society lane.,9959468201,Ahmedabad,23.05793435,72.6468735,,
311-354126,19-05-2026,Narnapura,"સ્ટ્રીટ લાઈટ બંધ છે, રાત્રે અંધારું રહે છે.",-165860,Ahmedabad,,,Pavani Bawa,Recusandae dolorem iste.
311-860096,14-05-2026 10:58,Astodia,"ગટર લાઇન સાફ કરવાની જરૂર છે, ગંદકી વધી ગઈ છે.",7295008487,380092,,,Yagnesh Palla,
311-512313,"May 04, 2026",Navrngpura,Water logging due to blocked sewer outlet in our society lane.,+91 73555 28843,380 001,22.98843083,72.59877797,,Aliquid culpa ut assumenda nulla.
311-119354,23-04-2026 07:58,Girdhar Nagar,Huge pothole in the middle of the road causing traffic block.,+91 88272 99738,380052,,,,Modi maxime harum beatae nostrum soluta.
311-970269,N/A,Near Temple,"road damage ho gaya hai pipe fitting work ke baad, repairing baki hai.",7267890848,38000,,,,
311-983508,06-05-2026 00:58,Thaltej,No water supply in our area since yesterday morning.,,380080,,,Tanmayi Kanda,Adipisci commodi quisquam officiis ex.
311-405265,19-05-2026 15:03,Thaltej,Huge pothole in the middle of the road causing traffic block.,7304569388,380076,22.97859284,72.51710943,કુમારી રાહુલ કુમાર,
311-477452,25-04-2026,Near Temple,ગટર ઉભરાય છે અને ગંદુ પાણી રસ્તા પર આવે છે.,+91 82829 20190,380099,23.03686406,72.49647494,Januja Dalal,Illo exercitationem ex aut consequuntur delectus numquam.
311-856838,19-05-2026 16:27,Main Chowk,"road damage ho gaya hai pipe fitting work ke baad, repairing baki hai.",9627129688,380010,22.99561593,72.50306164,Upasna Dhawan,Necessitatibus eum voluptates adipisci maiores.
311-769611,12-05-2026 10:58,Near Temple,"કચરાપેટી ભરાઈ ગઈ છે, બહાર બધો કચરો પડ્યો છે.",+91 82521 54986,380085,,,વિરાજ જૈન,
311-516672,N/A,Paldi,"drainage line choke up hogayi hai, smell bohot gandi aa rahi hai.",+91 72541 45928,,22.9530549,72.50412865,Yochana Balasubramanian,
311-543436,N/A,Bopal,"street light kharab hai, switch board me se smoke nikal raha hai.",+91 69452 29445,380065,,,સચિન ગુપ્તા,
311-421333,"Apr 28, 2026",Satelite,"કચરાપેટી ભરાઈ ગઈ છે, બહાર બધો કચરો પડ્યો છે.",,38000,0,0,Elijah Upadhyay,
311-143643,07-05-2026 15:58,Dariapur,Huge garbage pile at the corner of the street. Nobody is cleaning it.,8307495822,380075,,,શ્રી માન હર્ષ જોષી,Ipsum eveniet eum debitis suscipit.
311-149442,"May 17, 2026",Vastrapur lake side,Sewer leakage/blockage near the main road. Water is overflowing.,9817960787,380 001,23.04651884,72.58693027,Yashvi Mahajan,
311-397579,11-05-2026,Vastrapur,"સ્ટ્રીટ લાઈટ બંધ છે, રાત્રે અંધારું રહે છે.",6196474916,38000,22.98117755,72.55814592,Hemang Master,
311-783657,17-05-2026 22:58,Jamalpur,"રસ્તા પર મોટા ખાડા પડી ગયા છે, બાઇક ચલાવવામાં તકલીફ થાય છે.",+91 73176 25623,380046,0,0,વિક્રમ જોષી,Quos soluta repellendus sapiente.
311-903594,06-05-2026 01:58,Shahpur,Street light is not working. The entire alley is dark and unsafe.,+91 96356 17916,,22.95740786,72.5798716,શ્રીમતી શ્વેતા જોષી,Nobis qui reiciendis laudantium.
311-977219,20-04-2026 07:58,Astodia,ગટર ઉભરાય છે અને ગંદુ પાણી રસ્તા પર આવે છે.,,,22.94404194,72.52913818,કુમારી કમલ ગઢવી,Voluptatibus neque autem laborum.
311-116623,02-05-2026,Maninagar,"road damage ho gaya hai pipe fitting work ke baad, repairing baki hai.",+91 87513 06925,380071,22.97870343,72.60321379,Watika Bansal,
311-788853,18-05-2026,Kalupur,Broken streetlight pole outside house number 45.,8515530866,380 001,23.08528006,72.60907152,કુમારી દિલીપ કુમાર,
311-853216,18-05-2026,Girdhar Nagar,"yahan par kachra bohot jama ho gaya hai, clean karvao please.",-147997,380094,,,Eshana Balakrishnan,
311-971132,17-05-2026,Jamalpur,"pani ka pressure bohot low hai, building ke upper floor pe nahi chadta.",,380056,23.09486381,72.56221977,Chaaya Memon,
311-871245,01-05-2026,Vastrapur lake side,Main road asphalt is completely ruined after recent rain.,-146339,380032,,,પ્રતિક ચૌધરી,Assumenda dolores blanditiis modi.
311-169913,05-05-2026 22:58,Thaltej char rasta,"સ્ટ્રીટ લાઈટ બંધ છે, રાત્રે અંધારું રહે છે.",+91 76286 98218,380 001,22.98021721,72.61079287,પ્રવીણ જૈન,Aliquam consequuntur perspiciatis ad architecto repellendus.
311-212450,10-05-2026 19:58,Naranpura,Sewer leakage/blockage near the main road. Water is overflowing.,8334596029,38000,,,Vansha Parekh,Dolores nesciunt velit reiciendis repudiandae.
311-454570,"Apr 25, 2026",Main Chowk,"ગટર લાઇન સાફ કરવાની જરૂર છે, ગંદકી વધી ગઈ છે.",6295010307,380 001,,,Aradhana Sampath,Mollitia culpa iure repellendus.
311-962331,19-04-2026 09:58,Jodhpur,"road damage ho gaya hai pipe fitting work ke baad, repairing baki hai.",+91 65185 73917,380080,22.95073296,72.57359417,Avi Mandal,
311-652189,19-05-2026,Paldi,"street light kharab hai, switch board me se smoke nikal raha hai.",-124664,380041,,,શ્રીમતી અક્ષય જોષી,Doloribus dolorem nobis.
311-774070,12-05-2026,Chandkheda,"સ્ટ્રીટ લાઈટ બંધ છે, રાત્રે અંધારું રહે છે.",+91 86128 81870,380084,,,શ્રી દર્શન જૈન,
311-862879,29-04-2026,Nikol,"road damage ho gaya hai pipe fitting work ke baad, repairing baki hai.",8270301913,380084,23.05156022,72.64489394,Hiral Comar,
311-835762,13-05-2026,Main Chowk,Main road asphalt is completely ruined after recent rain.,9643227245,380 001,,,Amruta Gupta,
311-877450,09-05-2026,Ahmedabad City,Street light is not working. The entire alley is dark and unsafe.,+91 61832 60169,380059,,,ચિરાગ ચૌધરી,
311-875035,N/A,Nikol,"yahan par kachra bohot jama ho gaya hai, clean karvao please.",8301118688,380071,0,0,Neel Padmanabhan,
311-136871,"May 15, 2026",Satelite,No water supply in our area since yesterday morning.,9644604692,0,,,Sai Bhatia,
311-309390,"May 09, 2026",Vastrapur area,Huge garbage pile at the corner of the street. Nobody is cleaning it.,+91 98102 29411,380056,,,કિરણ ચૌધરી,Esse cum iusto fuga magni.
311-554931,N/A,Chandkheda,પીવાના પાણીમાં ગંદુ ગટરનું પાણી મિક્સ થઈને આવે છે.,12345,380034,,,શ્રીમતી પૂજા ગુપ્તા,
311-475347,16-05-2026 17:58,Dariapur,Sewer leakage/blockage near the main road. Water is overflowing.,6011480902,38000,23.07143909,72.58306831,જય ચૌધરી,
311-284588,"May 17, 2026",Ahmedabad City,Huge garbage pile at the corner of the street. Nobody is cleaning it.,9985911599,380018,,,Vrinda Ganesh,
311-401467,"May 06, 2026",Chandkheda,"pani ka pressure bohot low hai, building ke upper floor pe nahi chadta.",,380068,,,પાર્થ જોષી,Assumenda debitis ducimus.
311-846343,06-05-2026,Naranpura,"રસ્તા પર મોટા ખાડા પડી ગયા છે, બાઇક ચલાવવામાં તકલીફ થાય છે.",6672977645,380069,,,Veer Mukherjee,
311-380904,03-05-2026 19:58,Main Chowk,"રસ્તા પર મોટા ખાડા પડી ગયા છે, બાઇક ચલાવવામાં તકલીફ થાય છે.",8206630239,380068,23.0360364,72.64674127,શ્રીમતી રાહુલ કુમાર,
311-439184,30-04-2026,Ranip,"road damage ho gaya hai pipe fitting work ke baad, repairing baki hai.",-103326,380056,,,Pahal Buch,
311-481357,02-05-2026 22:58,Chandkeda,Water pipeline leakage near the garden wall.,7169699516,380083,,,Rudra Konda,
311-339924,N/A,Paldi,"કચરાપેટી ભરાઈ ગઈ છે, બહાર બધો કચરો પડ્યો છે.",+91 67122 86821,380019,0,0,કુમારી રવિ શર્મા,
311-562381,30-04-2026 05:58,Bodakdev,"yahan par kachra bohot jama ho gaya hai, clean karvao please.",-94123,380034,,,શ્રીમતી સંજય શર્મા,Omnis asperiores libero numquam quis adipisci harum eius.
311-626237,18-05-2026 00:58,Vastrapur area,Street light is not working. The entire alley is dark and unsafe.,,380056,,,અંકિત જૈન,
311-591582,16-05-2026,Jodhpur,"drainage line choke up hogayi hai, smell bohot gandi aa rahi hai.",9486505276,380058,22.9864229,72.56555126,Irya Ganesan,
311-545543,N/A,Bopal,"drainage line choke up hogayi hai, smell bohot gandi aa rahi hai.",8677887186,380029,23.07322769,72.61289099,Panini Natt,
311-788900,08-05-2026 23:58,Chandkheda village,Water logging due to blocked sewer outlet in our society lane.,-73501,380066,23.06996004,72.53439444,Vanya Chacko,
311-102081,19-05-2026 15:59,Kalupur,Street light is not working. The entire alley is dark and unsafe.,7670821201,380055,,,,
311-860882,29-04-2026 07:58,Sabarmati,Water pipeline leakage near the garden wall.,-77821,380099,22.9972511,72.62834303,Manthan Pradhan,Suscipit ea dolorem sunt repudiandae quos facere occaecati.
311-563500,"May 19, 2026",,Broken streetlight pole outside house number 45.,8413038133,380025,,,શ્રી માન વર્ષા પટેલ,
311-715579,12-05-2026 02:58,Paldi,Blockage in drainage pipe behind standard chartered bank.,8219811339,380021,22.95223683,72.51979719,શ્રી નીરજ જૈન,
311-254641,19-04-2026,Nikol,"pani ka pressure bohot low hai, building ke upper floor pe nahi chadta.",+91 98519 93104,380025,23.09285932,72.60838918,વિવેક જોષી,
311-385892,19-05-2026,Jamalpur,Broken streetlight pole outside house number 45.,+91 64772 89802,380098,,,Jonathan Dar,
311-917591,"Apr 23, 2026",Bopal,Street light is not working. The entire alley is dark and unsafe.,,380015,23.0301968,72.52311102,Vansha Yohannan,
311-665233,01-05-2026 14:58,Nvarangpura,"કચરાપેટી ભરાઈ ગઈ છે, બહાર બધો કચરો પડ્યો છે.",9561500206,,23.01554067,72.65023812,Gaurang Biswas,
311-292072,N/A,Naranpura cross,No water supply in our area since yesterday morning.,-141212,380090,23.00608629,72.63275746,આનંદ ગુપ્તા,Molestiae rerum reiciendis doloribus beatae expedita ullam.
311-987552,06-05-2026,Near Temple,Huge garbage pile at the corner of the street. Nobody is cleaning it.,7817352391,380080,23.06768201,72.5204491,મયૂર શર્મા,
311-645265,18-05-2026,Paldi,"street light kharab hai, switch board me se smoke nikal raha hai.",7809358582,380010,22.96547312,72.51048556,Rachita Dugar,Ratione ducimus animi eligendi illo.
311-461500,10-05-2026 14:58,Kalupur,ગટર ઉભરાય છે અને ગંદુ પાણી રસ્તા પર આવે છે.,,380087,23.02964624,72.62754872,Qarin Dasgupta,Architecto molestias modi vero.
311-378664,21-04-2026,Navrangpura,"drainage line choke up hogayi hai, smell bohot gandi aa rahi hai.",+91 62968 10352,0,23.03441192,72.59880735,શ્રીમતી જયેશ ચૌધરી,
311-736763,19-05-2026,Nikol,"drainage line choke up hogayi hai, smell bohot gandi aa rahi hai.",,380099,22.9615818,72.55441219,Bhanumati Patil,
311-138534,10-05-2026 19:58,Kalupur,"સ્ટ્રીટ લાઈટ બંધ છે, રાત્રે અંધારું રહે છે.",,380023,23.01157737,72.49547971,શ્રી માન પ્રતિક શર્મા,Vitae excepturi dolorum sint sed.
311-899974,19-05-2026 07:58,Bopal,"રસ્તા પર મોટા ખાડા પડી ગયા છે, બાઇક ચલાવવામાં તકલીફ થાય છે.",+91 75442 90787,380072,,,Fariq Hayre,
311-454202,19-05-2026 15:58,Jamalpur,Garbage truck has not come since 3 days.,-113300,380055,,,કુમાર ચૌધરી,
311-291770,N/A,Jodhpur,"yahan par kachra bohot jama ho gaya hai, clean karvao please.",-150253,380040,22.96202289,72.62383085,શ્વેતા જૈન,
311-799802,"May 05, 2026",Vastrapur,"pani ka pressure bohot low hai, building ke upper floor pe nahi chadta.",6452075753,380023,,,William Buch,Expedita illo labore saepe perspiciatis cum ullam.
311-612753,19-05-2026,Thaltej char rasta,Water pipeline leakage near the garden wall.,9547639099,380019,,,,
311-248090,21-04-2026 19:58,Shahpur,Huge pothole in the middle of the road causing traffic block.,8312713544,38000,23.07128194,72.6212298,શ્રીમતી જયેશ પટેલ,
311-650800,"Apr 23, 2026",Ranip,"street light kharab hai, switch board me se smoke nikal raha hai.",8258729583,380066,,,Rajeshri Mangal,
311-963992,"Apr 22, 2026",Satellite,"રસ્તા પર મોટા ખાડા પડી ગયા છે, બાઇક ચલાવવામાં તકલીફ થાય છે.",-108491,380089,23.08694607,72.6275429,શ્રી હર્ષલ ગઢવી,Voluptas corrupti quis minima placeat voluptates quae.
311-457834,"May 11, 2026",Satellite,"road damage ho gaya hai pipe fitting work ke baad, repairing baki hai.",+91 96761 14651,380042,,,Tanay Mane,Tenetur omnis laborum vitae quasi blanditiis error ratione.
311-443295,07-05-2026,Maninagar,No water supply in our area since yesterday morning.,-102567,380026,,,,
311-520520,24-04-2026,Bodakdev,Sewer leakage/blockage near the main road. Water is overflowing.,,380021,,,ઉર્વી ચૌધરી,
311-481968,N/A,Thaltej char rasta,Water pipeline leakage near the garden wall.,-104064,380060,23.09454396,72.53454201,શ્રીમતી મયૂર ચૌધરી,
311-808625,02-05-2026 07:58,Navrnagpura,"રસ્તા પર મોટા ખાડા પડી ગયા છે, બાઇક ચલાવવામાં તકલીફ થાય છે.",+91 76734 96648,380037,,,Hamsini Viswanathan,Iusto aliquid consectetur fugit.
311-719146,19-05-2026,Nikol,Street light is not working. The entire alley is dark and unsafe.,6741582267,380029,23.08061177,72.49660152,કુનાલ ગુપ્તા,Minus saepe blanditiis animi exercitationem reprehenderit.
311-818721,"Apr 22, 2026",Main Chowk,Main road asphalt is completely ruined after recent rain.,+91 61288 63388,380025,23.07874471,72.6054855,Varsha Buch,
311-141855,"May 06, 2026",Dariapur,"કચરાપેટી ભરાઈ ગઈ છે, બહાર બધો કચરો પડ્યો છે.",+91 76275 29601,380035,,,Zinal Bhatnagar,
311-338735,19-05-2026 16:39,Vastrapur,Garbage truck has not come since 3 days.,7020514623,380092,23.08046175,72.5981403,Upasna Hans,
311-694773,07-05-2026 21:58,Paldi,No water supply in our area since yesterday morning.,8388327305,380046,0,0,Anita Soni,
311-822985,25-04-2026 10:58,,Street light is not working. The entire alley is dark and unsafe.,7386124340,380061,,,Yutika Vasa,
311-845573,19-05-2026 15:59,Dariapur,ગટર ઉભરાય છે અને ગંદુ પાણી રસ્તા પર આવે છે.,7655163472,380020,,,,
311-648810,09-05-2026 01:58,Satelite Road,Garbage truck has not come since 3 days.,9080449565,Ahmedabad,23.08153759,72.54122282,Dakshesh Wali,
311-832409,19-05-2026,Ahmedabad City,"સ્ટ્રીટ લાઈટ બંધ છે, રાત્રે અંધારું રહે છે.",+91 62910 13018,380092,,,Ekaraj More,
311-682340,16-05-2026 09:58,Sabarmati,Water pipeline leakage near the garden wall.,,380058,23.00385031,72.51173715,Nakul Edwin,Blanditiis recusandae maxime at eos tenetur.
311-435429,"May 08, 2026",Satellite,"ગટર લાઇન સાફ કરવાની જરૂર છે, ગંદકી વધી ગઈ છે.",8686423113,Ahmedabad,22.993408,72.60904773,શ્રી માન પ્રાચી ગુપ્તા,
311-310839,14-05-2026 09:58,Nikol,"street light kharab hai, switch board me se smoke nikal raha hai.",6445441695,380 001,,,Niharika Kashyap,
311-980662,08-05-2026 05:58,Near Temple,Water logging due to blocked sewer outlet in our society lane.,-151973,380 001,,,Qabil Narayan,
311-419333,"May 13, 2026",Paldi,Water logging due to blocked sewer outlet in our society lane.,7282601872,380067,23.03026738,72.64228298,શ્રી દીપક શર્મા,
311-521923,N/A,Vastrapur,"કચરાપેટી ભરાઈ ગઈ છે, બહાર બધો કચરો પડ્યો છે.",+91 77932 50156,380074,23.01619918,72.51101124,,
311-506137,19-05-2026,Satellight,"સ્ટ્રીટ લાઈટ બંધ છે, રાત્રે અંધારું રહે છે.",+91 84225 16225,380079,0,0,Isaiah Deshmukh,
311-484620,19-05-2026,Paldi,"કચરાપેટી ભરાઈ ગઈ છે, બહાર બધો કચરો પડ્યો છે.",7000785147,380085,,,શ્રી માન નિખિલ કુમાર,
311-783739,03-05-2026,Girdhar Nagar,"ગટર લાઇન સાફ કરવાની જરૂર છે, ગંદકી વધી ગઈ છે.",+91 80593 02562,380096,23.09489206,72.55826679,શ્રી અજય પટેલ,
311-776010,"Apr 25, 2026",Dariapur,"સ્ટ્રીટ લાઈટ બંધ છે, રાત્રે અંધારું રહે છે.",9038583220,380034,,,,
311-371432,30-04-2026,Chandkeda,Water logging due to blocked sewer outlet in our society lane.,6740460483,380087,23.01008164,72.53092526,Triveni Murty,Nam quibusdam eaque autem pariatur id.
311-964998,06-05-2026,,Blockage in drainage pipe behind standard chartered bank.,12345,380098,22.94923882,72.54389844,શ્રી કુમાર જોષી,Corporis voluptatum alias illo laboriosam.
311-227553,08-05-2026 14:58,Satelite,Water logging due to blocked sewer outlet in our society lane.,-147427,380042,,,શ્રી માન કિરણ ચૌધરી,
311-600359,N/A,Dariapur,"pani ka pressure bohot low hai, building ke upper floor pe nahi chadta.",7359827463,380053,23.09890205,72.62168315,વર્ષા પટેલ,
311-718761,"Apr 28, 2026",Maninagar,Huge pothole in the middle of the road causing traffic block.,7763722097,380010,22.9872464,72.63023265,ચેતન ગઢવી,Unde maxime deleniti quis nisi nemo odit.
311-623131,"May 04, 2026",Near Temple,ગટર ઉભરાય છે અને ગંદુ પાણી રસ્તા પર આવે છે.,+91 60902 94785,380072,22.95576847,72.64250749,શ્રેયા શર્મા,
311-470117,17-05-2026,Bopal,"ગટર લાઇન સાફ કરવાની જરૂર છે, ગંદકી વધી ગઈ છે.",+91 73105 47393,380062,0,0,,Repellat a doloribus nisi.
311-834304,04-05-2026,Main Chowk,"રસ્તા પર મોટા ખાડા પડી ગયા છે, બાઇક ચલાવવામાં તકલીફ થાય છે.",+91 86029 41917,380016,0,0,શ્રી માન કૃષ્ણ ચૌધરી,Sequi quas itaque quia nam.
311-804514,28-04-2026,Chandkheda,Water pipeline leakage near the garden wall.,12345,0,22.97172748,72.6375575,Nandini Thaman,
311-162296,19-05-2026,Ahmedabad City,Broken streetlight pole outside house number 45.,7468046955,380 001,23.06240195,72.58672515,,
311-486816,13-05-2026 03:58,Vastrapur area,No water supply in our area since yesterday morning.,,Ahmedabad,23.03122661,72.60548221,પ્રીતિ ચૌધરી,Quis ea nam.
311-327118,19-05-2026 08:58,,"pani ka pressure bohot low hai, building ke upper floor pe nahi chadta.",+91 95136 47807,380086,23.09669246,72.54958395,Chanchal Bhat,
311-861748,05-05-2026,Satellight,Main road asphalt is completely ruined after recent rain.,-152523,380044,22.9657166,72.49906716,,
311-866734,"May 17, 2026",Nikol,Street light is not working. The entire alley is dark and unsafe.,6741582267,380029,23.08061177,72.49660152,કુનાલ ગુપ્તા,Minus saepe blanditiis animi exercitationem reprehenderit.
311-104988,"May 02, 2026",Nikol,Water pipeline leakage near the garden wall.,+91 92461 18228,0,23.0386842,72.62144678,Hardik Dayal,Officia illum corrupti aperiam architecto totam.
311-403340,08-05-2026,Shahpur,"ગટર લાઇન સાફ કરવાની જરૂર છે, ગંદકી વધી ગઈ છે.",8160895405,380031,0,0,,
311-259505,"Apr 19, 2026",Astodia,Street light is not working. The entire alley is dark and unsafe.,-73687,Ahmedabad,,,,Pariatur ab eveniet dolorum aliquam harum.
311-879581,19-05-2026,Girdhar Nagar,"road damage ho gaya hai pipe fitting work ke baad, repairing baki hai.",12345,,23.07821276,72.58888834,પ્રવીણ જૈન,
311-652189,11-05-2026,Paldi,"street light kharab hai, switch board me se smoke nikal raha hai.",-124664,380041,,,શ્રીમતી અક્ષય જોષી,Doloribus dolorem nobis.
311-938629,07-05-2026,Satellite,Street light is not working. The entire alley is dark and unsafe.,,380035,23.06287481,72.52672657,નિશાંત જૈન,
311-727391,19-05-2026 15:09,Bopal,"road damage ho gaya hai pipe fitting work ke baad, repairing baki hai.",+91 69006 53749,380088,23.0256744,72.59369422,શ્રીમતી વર્ષા કુમાર,Sed et magni deserunt.
311-189111,04-05-2026 09:58,Ahmedabad City,Water logging due to blocked sewer outlet in our society lane.,+91 96883 99311,380044,22.94754762,72.60917198,Jason Hari,Officiis odio officiis dolorem.
311-834857,02-05-2026,Girdhar Nagar,"road damage ho gaya hai pipe fitting work ke baad, repairing baki hai.",12345,,23.07821276,72.58888834,પ્રવીણ જૈન,
311-127717,21-04-2026 03:58,,Broken streetlight pole outside house number 45.,,380036,22.94669333,72.63128843,Ridhi Chada,
311-385271,12-05-2026 14:58,Chandkheda,"pani ka pressure bohot low hai, building ke upper floor pe nahi chadta.",8361477722,380036,23.01160007,72.50410063,Fitan Venkatesh,
311-604021,22-04-2026 05:58,Thaltej,પીવાના પાણીમાં ગંદુ ગટરનું પાણી મિક્સ થઈને આવે છે.,9271515573,380035,,,Tarak Murty,Quia perferendis aspernatur eos repudiandae sunt similique.
311-577588,30-04-2026,Bodak dev,Water logging due to blocked sewer outlet in our society lane.,+91 73898 15808,380095,23.09052433,72.52002586,,
311-801358,N/A,Near Temple,"કચરાપેટી ભરાઈ ગઈ છે, બહાર બધો કચરો પડ્યો છે.",9303022968,Ahmedabad,,,કુમારી અજય જૈન,
311-206357,19-05-2026,Bopal,No water supply in our area since yesterday morning.,,380087,23.09938454,72.62751302,Yashvi Gara,
311-114068,"May 12, 2026",Astodia,ગટર ઉભરાય છે અને ગંદુ પાણી રસ્તા પર આવે છે.,+91 99019 45516,380075,,,,
311-669257,19-05-2026 16:13,,"સ્ટ્રીટ લાઈટ બંધ છે, રાત્રે અંધારું રહે છે.",8949787583,380 001,23.04726199,72.54239935,Ridhi Kata,Ipsa qui veritatis eaque odit iusto magnam.
311-357993,19-05-2026 16:08,,Water logging due to blocked sewer outlet in our society lane.,-126023,380041,23.00142642,72.53990187,હીરા ચૌધરી,Architecto iste ex esse excepturi assumenda.
311-619487,"Apr 21, 2026",Girdhar Nagar,Street light is not working. The entire alley is dark and unsafe.,7416613188,380079,22.99214721,72.62681127,Avi Kapur,
311-624400,19-04-2026 17:58,Vastrapur lake side,"ગટર લાઇન સાફ કરવાની જરૂર છે, ગંદકી વધી ગઈ છે.",-159448,Ahmedabad,,,હર્ષ જોષી,
311-497499,02-05-2026,Chandkeda,Broken streetlight pole outside house number 45.,12345,380037,,,Anmol Samra,
311-291405,02-05-2026 11:58,Maninagar,Broken streetlight pole outside house number 45.,12345,380097,,,Tarak Thaman,
311-331583,01-05-2026 20:58,Jodhpur,ગટર ઉભરાય છે અને ગંદુ પાણી રસ્તા પર આવે છે.,7410345534,380043,23.04057611,72.51518368,Jasmit Seshadri,Sint ipsum quae quasi sed.
311-289503,26-04-2026,Ranip,"yahan par kachra bohot jama ho gaya hai, clean karvao please.",6184231197,380079,22.95115858,72.57886216,Charvi Varughese,Nulla laborum quidem eveniet.
311-702101,N/A,Dariapur,"street light kharab hai, switch board me se smoke nikal raha hai.",9523573588,380051,22.94537329,72.53851556,કુમારી જયેશ ગુપ્તા,Facere occaecati commodi atque aliquid rerum.
311-139344,14-05-2026,Main Chowk,Garbage truck has not come since 3 days.,8124875023,380 001,,,,
311-932919,16-05-2026,Chandkheda village,Main road asphalt is completely ruined after recent rain.,12345,380058,,,Aadi Kamdar,
311-981650,07-05-2026,Dariapur,Huge garbage pile at the corner of the street. Nobody is cleaning it.,8172009352,380027,23.0802607,72.61518081,Jagat Pall,
311-829965,21-04-2026,Near Temple,Huge garbage pile at the corner of the street. Nobody is cleaning it.,7082313955,380085,22.97050481,72.61401045,શ્રીમતી હરીશ શર્મા,In corporis ad placeat ea aliquid.
311-265549,18-05-2026 17:58,Navrangpura,"street light kharab hai, switch board me se smoke nikal raha hai.",7525059972,380069,,,હરીશ ચૌધરી,
311-312165,08-05-2026 17:58,Dariapur,Garbage truck has not come since 3 days.,9992954488,380072,,,શ્રીમતી પ્રકાશ શર્મા,
311-378000,19-05-2026,Bopal,"road damage ho gaya hai pipe fitting work ke baad, repairing baki hai.",+91 65191 11478,380026,,,Upadhriti Sengupta,
311-560393,21-04-2026 23:58,Ahmedabad City,"yahan par kachra bohot jama ho gaya hai, clean karvao please.",12345,380071,23.09066005,72.60556521,શ્રી માન દર્શન જોષી,
311-776130,26-04-2026 18:58,Jodhpur,Sewer leakage/blockage near the main road. Water is overflowing.,+91 82412 07041,,,,,Accusantium numquam ad laborum ipsum.
311-153294,10-05-2026 12:58,Sabarmati,પીવાના પાણીમાં ગંદુ ગટરનું પાણી મિક્સ થઈને આવે છે.,,380 001,23.06009114,72.6431067,Hemangini Wason,
311-734030,19-05-2026,Girdhar Nagar,No water supply in our area since yesterday morning.,6709381963,38000,,,,
311-279025,04-05-2026,Ahmedabad City,"yahan par kachra bohot jama ho gaya hai, clean karvao please.",8949333377,380038,22.96444142,72.54450425,શ્રી મહેશ ચૌધરી,
311-616113,24-04-2026,Jamalpur,Sewer leakage/blockage near the main road. Water is overflowing.,9138974982,380038,23.03545217,72.62097495,Gauri Hegde,
311-903252,"Apr 25, 2026",Nvarangpura,Huge garbage pile at the corner of the street. Nobody is cleaning it.,12345,380085,,,Warjas Mitra,
311-262488,N/A,Paldi,Street light is not working. The entire alley is dark and unsafe.,,38000,,,Baljiwan Ramakrishnan,
311-968376,"May 07, 2026",Bodak dev,Blockage in drainage pipe behind standard chartered bank.,,,,,Nikita Gera,Deserunt porro quod alias laborum.
311-775314,19-05-2026,Maninagar,Street light is not working. The entire alley is dark and unsafe.,6870443184,380067,,,શ્રી અર્જુન ચૌધરી,
311-206357,20-04-2026,Bopal,No water supply in our area since yesterday morning.,,380087,23.09938454,72.62751302,Yashvi Gara,
311-885118,01-05-2026,Jodhpur,"કચરાપેટી ભરાઈ ગઈ છે, બહાર બધો કચરો પડ્યો છે.",9346950928,380097,,,રમેશ પટેલ,
311-700543,19-05-2026,Satellight,"road damage ho gaya hai pipe fitting work ke baad, repairing baki hai.",+91 97456 79998,380097,22.9875637,72.63271481,Upma Bandi,
311-600029,N/A,Ranip,Water pipeline leakage near the garden wall.,,380092,,,શ્રી યશ કુમાર,
311-355613,03-05-2026,Ahmedabad City,Broken streetlight pole outside house number 45.,-161005,380040,,,શ્રી માન દર્શન જૈન,
311-207412,19-05-2026,Chandkheda,"yahan par kachra bohot jama ho gaya hai, clean karvao please.",8370199546,380051,22.99385127,72.61818853,કુમારી વર્ષા જોષી,
311-798957,03-05-2026,Bodakdev,"drainage line choke up hogayi hai, smell bohot gandi aa rahi hai.",12345,380044,0,0,Waida Baria,
311-151199,"Apr 30, 2026",Ranip,"સ્ટ્રીટ લાઈટ બંધ છે, રાત્રે અંધારું રહે છે.",-79873,Ahmedabad,,,Kiaan Vasa,Quae iure autem.
311-693203,"May 12, 2026",Near Temple,Huge garbage pile at the corner of the street. Nobody is cleaning it.,,380018,,,,Illo omnis soluta officia rem accusamus officia.
311-617977,13-05-2026,Ahmedabad City,"road damage ho gaya hai pipe fitting work ke baad, repairing baki hai.",9842955974,380077,,,શ્રીમતી જગદીશ ગુપ્તા,Nulla delectus quam ratione non neque.
311-781322,04-05-2026,Paldi,Blockage in drainage pipe behind standard chartered bank.,7727183004,380017,,,શ્રીમતી સુનીલ જૈન,Corrupti eius deserunt asperiores quidem amet enim.
311-119583,08-05-2026 11:58,Kalupur,"રસ્તા પર મોટા ખાડા પડી ગયા છે, બાઇક ચલાવવામાં તકલીફ થાય છે.",,380039,,,તેજલ ગુપ્તા,
311-516787,23-04-2026,Dariapur,Main road asphalt is completely ruined after recent rain.,+91 61831 78979,380061,23.04225667,72.51226675,Samaksh Nadig,
311-620566,10-05-2026 00:58,Near Temple,"street light kharab hai, switch board me se smoke nikal raha hai.",-187857,380049,23.08896469,72.64909537,Libni Tandon,
311-484620,N/A,Paldi,"કચરાપેટી ભરાઈ ગઈ છે, બહાર બધો કચરો પડ્યો છે.",7000785147,380085,,,શ્રી માન નિખિલ કુમાર,
311-373532,24-04-2026 03:58,Shahpur,No water supply in our area since yesterday morning.,-92155,380031,22.96947307,72.63232044,મુકેશ કુમાર,
311-652708,20-04-2026,,"કચરાપેટી ભરાઈ ગઈ છે, બહાર બધો કચરો પડ્યો છે.",+91 95831 81837,380096,23.07822053,72.53730959,,Commodi quaerat sapiente facere cumque ipsam.
311-357691,N/A,,"રસ્તા પર મોટા ખાડા પડી ગયા છે, બાઇક ચલાવવામાં તકલીફ થાય છે.",9868139725,380081,,,Lipika Raghavan,
311-251328,19-04-2026,Navrangpura,Sewer leakage/blockage near the main road. Water is overflowing.,+91 80026 00244,38000,,,પંકજ ગઢવી,
311-143216,17-05-2026,Jodhpur,Garbage truck has not come since 3 days.,-115563,380061,22.99883843,72.50336596,કરણ ગુપ્તા,Harum accusantium excepturi molestias dignissimos aut ea vel.
311-804026,"May 09, 2026",Ahmedabad City,Huge pothole in the middle of the road causing traffic block.,,Ahmedabad,,,Brijesh Dada,Quisquam enim provident molestias ad iure nisi.
311-422073,20-04-2026,Kalupur,Street light is not working. The entire alley is dark and unsafe.,9646767407,380057,,,Dalbir Sant,
311-832409,"Apr 19, 2026",Ahmedabad City,"સ્ટ્રીટ લાઈટ બંધ છે, રાત્રે અંધારું રહે છે.",+91 62910 13018,380092,,,Ekaraj More,
311-241632,"May 09, 2026",Maninagar,Water pipeline leakage near the garden wall.,+91 97487 40925,380099,22.97164017,72.61205663,Edhitha Mangat,
311-425402,N/A,Jodhpur,"રસ્તા પર મોટા ખાડા પડી ગયા છે, બાઇક ચલાવવામાં તકલીફ થાય છે.",-98333,Ahmedabad,,,શ્રી માન વિક્રમ કુમાર,
311-185048,N/A,Near Temple,"pani ka pressure bohot low hai, building ke upper floor pe nahi chadta.",6324345858,380041,,,રચના કુમાર,
311-766452,23-04-2026,Dariapur,Water logging due to blocked sewer outlet in our society lane.,+91 97469 96598,380024,22.95209492,72.58539637,Vasudha Pall,
311-968755,"Apr 21, 2026",Bodakdev,ગટર ઉભરાય છે અને ગંદુ પાણી રસ્તા પર આવે છે.,8335635196,380099,22.96200074,72.5286223,Kashvi Joshi,
311-257351,"May 19, 2026",Navrangpura,Water pipeline leakage near the garden wall.,+91 78251 76678,380053,,,Maanas Bail,Quasi ratione soluta placeat quae quaerat.
311-960551,11-05-2026,Maninagar,Blockage in drainage pipe behind standard chartered bank.,8842594456,380014,23.09282673,72.55719242,Anusha Kala,Nam delectus fugit quis.
311-669257,20-04-2026,,"સ્ટ્રીટ લાઈટ બંધ છે, રાત્રે અંધારું રહે છે.",8949787583,380 001,23.04726199,72.54239935,Ridhi Kata,Ipsa qui veritatis eaque odit iusto magnam.
311-814614,19-05-2026,Nvarangpura,Sewer leakage/blockage near the main road. Water is overflowing.,-126814,380012,,,અક્ષય ગુપ્તા,
311-380998,"May 09, 2026",Thaltej,Street light is not working. The entire alley is dark and unsafe.,+91 98539 84149,380099,23.01070449,72.54862336,,
311-280796,02-05-2026,Shahpur,No water supply in our area since yesterday morning.,+91 77402 31637,380085,23.08822935,72.62345827,Jonathan Devi,Qui ex ab saepe enim cum amet.
311-850503,13-05-2026,Ahmedabad City,Water logging due to blocked sewer outlet in our society lane.,12345,380025,,,Manbir Peri,
311-558217,"Apr 20, 2026",Near Temple,No water supply in our area since yesterday morning.,9717509802,380065,22.97273414,72.58097694,શ્રીમતી સંજય જોષી,
311-947662,02-05-2026,Nikol,"સ્ટ્રીટ લાઈટ બંધ છે, રાત્રે અંધારું રહે છે.",6751421746,380026,,,,
311-438826,03-05-2026,Chandkeda,પીવાના પાણીમાં ગંદુ ગટરનું પાણી મિક્સ થઈને આવે છે.,6883858418,380066,23.05986419,72.64663255,શ્રી માન વિશાલ ગુપ્તા,
311-786593,01-05-2026,Thaltej,Water logging due to blocked sewer outlet in our society lane.,-157554,380018,,,Isha Sehgal,
311-644924,19-04-2026 07:58,Main Chowk,Garbage truck has not come since 3 days.,+91 61797 51591,380087,,,,
311-350278,19-05-2026,Vastrapur,"road damage ho gaya hai pipe fitting work ke baad, repairing baki hai.",+91 83108 17851,380075,,,Adya Saini,Optio expedita illum temporibus quia esse.
311-126311,28-04-2026 02:58,Narnapura,"yahan par kachra bohot jama ho gaya hai, clean karvao please.",,380082,0,0,શ્રી અર્જુન પટેલ,
311-845396,07-05-2026 23:58,Astodia,Huge pothole in the middle of the road causing traffic block.,8563217020,380074,23.07374919,72.50386999,કુમારી મયૂર શર્મા,
311-329427,N/A,Bodakdev,"રસ્તા પર મોટા ખાડા પડી ગયા છે, બાઇક ચલાવવામાં તકલીફ થાય છે.",-107505,380090,,,Rohan Buch,
311-464648,05-05-2026 08:58,Kalupur,"pani ka pressure bohot low hai, building ke upper floor pe nahi chadta.",6766520974,380026,,,,
311-232889,"May 03, 2026",Thalteej,Water pipeline leakage near the garden wall.,9883343477,380024,23.09161805,72.61802079,શ્રી માન રાજ શર્મા,
311-586383,"May 14, 2026",Ahmedabad City,"yahan par kachra bohot jama ho gaya hai, clean karvao please.",7838888760,380016,23.01435691,72.49198268,વિપુલ પટેલ,
311-666589,08-05-2026 09:58,Jamalpur,પીવાના પાણીમાં ગંદુ ગટરનું પાણી મિક્સ થઈને આવે છે.,12345,380053,23.06126898,72.56909572,શ્રી પ્રતિક ચૌધરી,
311-711825,24-04-2026 16:58,Navrnagpura,Blockage in drainage pipe behind standard chartered bank.,+91 69770 24159,380083,23.05852764,72.57872502,Christopher Lad,
311-284997,20-04-2026,Sabarmati,Blockage in drainage pipe behind standard chartered bank.,7600207769,380077,23.0770989,72.56679225,Reva Dada,Impedit iure adipisci.
311-967716,"Apr 29, 2026",Thalteej,Main road asphalt is completely ruined after recent rain.,6495237681,380065,22.97848084,72.56570112,શ્રી માન સંજીવ ગુપ્તા,Iusto accusamus facere optio libero doloribus.
311-269110,30-04-2026,Thalteej,"drainage line choke up hogayi hai, smell bohot gandi aa rahi hai.",-134395,38000,0,0,Zilmil Mody,Nostrum excepturi delectus consequuntur.
311-496648,22-04-2026 10:58,Kalupur,"સ્ટ્રીટ લાઈટ બંધ છે, રાત્રે અંધારું રહે છે.",+91 95315 79292,380036,22.99082412,72.63651195,Madhav Swaminathan,
311-731329,05-05-2026 02:58,Dariapur,Sewer leakage/blockage near the main road. Water is overflowing.,+91 68434 98735,380013,23.04093108,72.4973994,કુમારી રાજ ગઢવી,
311-423248,19-05-2026 15:53,Vastrapur lake side,Huge pothole in the middle of the road causing traffic block.,-143052,380087,,,Ekalinga Jhaveri,
311-831678,06-05-2026,Chandkheda village,પીવાના પાણીમાં ગંદુ ગટરનું પાણી મિક્સ થઈને આવે છે.,+91 79291 56958,380011,23.00194303,72.53938959,Faras Kuruvilla,Sunt aliquid pariatur sint quos inventore aut eligendi.
311-718804,N/A,Ahmedabad City,"ગટર લાઇન સાફ કરવાની જરૂર છે, ગંદકી વધી ગઈ છે.",,380051,0,0,શ્રી દીપા જૈન,
311-811078,19-05-2026,Astodia,Water pipeline leakage near the garden wall.,-176786,380017,,,Varsha Oza,
311-432211,15-05-2026 08:58,Near Temple,Street light is not working. The entire alley is dark and unsafe.,-172844,380076,,,શ્રી હર્ષ ગઢવી,
311-354126,N/A,Narnapura,"સ્ટ્રીટ લાઈટ બંધ છે, રાત્રે અંધારું રહે છે.",-165860,Ahmedabad,,,Pavani Bawa,Recusandae dolorem iste.
311-893483,N/A,Nikol,Water logging due to blocked sewer outlet in our society lane.,7923083427,380095,,,Sanya Sengupta,
311-766562,19-05-2026 15:13,Sabarmati,Water pipeline leakage near the garden wall.,,380058,23.00385031,72.51173715,Nakul Edwin,Blanditiis recusandae maxime at eos tenetur.
311-422151,11-05-2026,Jodhpur,Water pipeline leakage near the garden wall.,-90151,380028,22.98234841,72.52900549,Anusha Lal,
311-847098,22-04-2026 15:58,Paldi,Main road asphalt is completely ruined after recent rain.,9831235933,380068,0,0,Kamala Raj,
311-866030,09-05-2026 11:58,Jamalpur,"કચરાપેટી ભરાઈ ગઈ છે, બહાર બધો કચરો પડ્યો છે.",+91 66575 03018,Ahmedabad,,,,
311-996815,27-04-2026,Naranpura cross,Broken streetlight pole outside house number 45.,8541969752,380089,23.00082302,72.55480099,,Suscipit ratione natus dolorum illum sit.
311-157798,11-05-2026,Astodia,Huge garbage pile at the corner of the street. Nobody is cleaning it.,6876102443,380029,,,Peter Deol,
311-435674,19-04-2026,,Huge pothole in the middle of the road causing traffic block.,7549088054,380014,22.96785078,72.55474024,કુમારી શ્રેયા ચૌધરી,Rem deleniti recusandae.
311-346484,"May 18, 2026",Narnapura,Main road asphalt is completely ruined after recent rain.,,380046,23.02951305,72.52752693,Fitan Babu,Adipisci laboriosam excepturi eius iste aspernatur.
311-580871,22-04-2026,Girdhar Nagar,Street light is not working. The entire alley is dark and unsafe.,7647465691,380082,22.99514486,72.49752328,,Impedit tempore vitae velit.
311-833701,29-04-2026,Jodhpur,Blockage in drainage pipe behind standard chartered bank.,7819597777,380024,22.99353715,72.62209004,સમીર જોષી,
311-905915,13-05-2026,Girdhar Nagar,ગટર ઉભરાય છે અને ગંદુ પાણી રસ્તા પર આવે છે.,9044984053,Ahmedabad,23.07799966,72.56360638,Frado Balakrishnan,
311-369682,27-04-2026,Near Temple,No water supply in our area since yesterday morning.,6973139136,380026,23.08124536,72.64581756,શ્રી સંદિપ ગઢવી,
311-490062,"May 19, 2026",,Water pipeline leakage near the garden wall.,,380 001,23.07333041,72.64356427,Yutika Sami,
311-151968,23-04-2026 11:58,,Broken streetlight pole outside house number 45.,,380047,22.98717975,72.61174533,કુમારી દિનેશ ચૌધરી,
311-315804,03-05-2026,Main Chowk,પીવાના પાણીમાં ગંદુ ગટરનું પાણી મિક્સ થઈને આવે છે.,8899551494,380071,,,શ્રી માન હર્ષ પટેલ,
311-754956,23-04-2026,Kalupur,No water supply in our area since yesterday morning.,7800407334,380060,23.09797927,72.63603988,Xavier Lad,
311-226914,19-05-2026 15:22,Near Temple,Broken streetlight pole outside house number 45.,,380053,,,Samuel Doshi,
311-795867,16-05-2026 21:58,Main Chowk,Water pipeline leakage near the garden wall.,,380 001,0,0,નેહા પટેલ,
311-970408,"May 07, 2026",Ahmedabad City,"street light kharab hai, switch board me se smoke nikal raha hai.",-151606,380069,23.02741937,72.51572161,Elijah Bail,Molestiae illum placeat repellat.
311-723080,"Apr 20, 2026",Ranip,"yahan par kachra bohot jama ho gaya hai, clean karvao please.",,380072,23.03001774,72.63779265,Ekavir Khurana,
311-385892,N/A,Jamalpur,Broken streetlight pole outside house number 45.,+91 64772 89802,380098,,,Jonathan Dar,
311-776505,20-04-2026,Shahpur,"ગટર લાઇન સાફ કરવાની જરૂર છે, ગંદકી વધી ગઈ છે.",,380 001,,,મુકેશ ગઢવી,Quidem sunt adipisci sapiente necessitatibus vitae inventore.
311-131197,07-05-2026,Bopal,Water logging due to blocked sewer outlet in our society lane.,-171620,380030,0,0,Ishani Joshi,Voluptatem iure dolore quasi.
311-800019,27-04-2026,Girdhar Nagar,Main road asphalt is completely ruined after recent rain.,,380035,23.03168717,72.60910742,હીરા જોષી,
311-303305,"May 19, 2026",Vastrapur,"સ્ટ્રીટ લાઈટ બંધ છે, રાત્રે અંધારું રહે છે.",+91 66058 03244,380043,23.00300442,72.53623937,Yatan Kuruvilla,
311-314675,19-05-2026,Shahpur,"ગટર લાઇન સાફ કરવાની જરૂર છે, ગંદકી વધી ગઈ છે.",,380 001,,,મુકેશ ગઢવી,Quidem sunt adipisci sapiente necessitatibus vitae inventore.
311-739957,06-05-2026,Ahmedabad City,પીવાના પાણીમાં ગંદુ ગટરનું પાણી મિક્સ થઈને આવે છે.,-116847,380010,,,Baljiwan Sen,
311-473110,19-05-2026,Ahmedabad City,"road damage ho gaya hai pipe fitting work ke baad, repairing baki hai.",+91 62394 13548,380055,,,ઉર્વી ચૌધરી,
311-158732,"May 10, 2026",Bopal,ગટર ઉભરાય છે અને ગંદુ પાણી રસ્તા પર આવે છે.,+91 60267 95394,Ahmedabad,,,કુમારી સોનલ જૈન,
311-259816,12-05-2026 05:58,Kalupur,Water logging due to blocked sewer outlet in our society lane.,+91 71700 37421,380023,23.04944427,72.56290488,Ira Narasimhan,
311-983492,19-05-2026,Ranip,Huge pothole in the middle of the road causing traffic block.,-104073,380034,,,,Pariatur magnam ratione ex delectus cumque provident.
311-763788,"May 10, 2026",Maninagar,Water logging due to blocked sewer outlet in our society lane.,9801355491,380080,23.04177756,72.49838836,Advay Sura,
311-229824,"May 19, 2026",Thaltej char rasta,Water pipeline leakage near the garden wall.,6729363401,380070,22.98593657,72.52448998,Chandresh Pandey,Odio harum quos modi omnis laboriosam ratione.
311-263548,"Apr 30, 2026",Near Temple,Sewer leakage/blockage near the main road. Water is overflowing.,9045174953,380082,,,Turvi Mukherjee,
311-380884,17-05-2026,,Huge garbage pile at the corner of the street. Nobody is cleaning it.,,380023,23.08349002,72.56138154,Aarini Chaudry,
311-509759,28-04-2026,Paldi,Huge garbage pile at the corner of the street. Nobody is cleaning it.,7061465260,380049,0,0,સંદિપ જોષી,Earum id maiores odio harum saepe.
311-480010,17-05-2026,Ranip,"road damage ho gaya hai pipe fitting work ke baad, repairing baki hai.",9404386764,380023,,,આનંદ ગુપ્તા,Nam minus adipisci dicta esse.
311-371881,"Apr 26, 2026",Bopal,Garbage truck has not come since 3 days.,-148434,380 001,0,0,Daksh Lad,
311-706224,11-05-2026 23:58,Satellight,"સ્ટ્રીટ લાઈટ બંધ છે, રાત્રે અંધારું રહે છે.",+91 84225 16225,380079,0,0,Isaiah Deshmukh,
311-938459,"May 04, 2026",Jamalpur,"street light kharab hai, switch board me se smoke nikal raha hai.",,380066,,,શ્રી માન નેહા જૈન,
311-566683,20-04-2026 10:58,Ahmedabad City,"ગટર લાઇન સાફ કરવાની જરૂર છે, ગંદકી વધી ગઈ છે.",-68682,0,23.08617253,72.54063352,મહેશ કુમાર,
311-768532,"May 11, 2026",Astodia,Water pipeline leakage near the garden wall.,7605373723,380054,,,કુમારી તુષાર શર્મા,
311-615665,27-04-2026 08:58,Maninagar,"yahan par kachra bohot jama ho gaya hai, clean karvao please.",,380089,,,દીપા પટેલ,
311-468866,03-05-2026 17:58,Vastrapur area,Sewer leakage/blockage near the main road. Water is overflowing.,-94721,380021,,,અવની ગઢવી,Expedita qui reiciendis harum provident praesentium quaerat pariatur.
311-212450,19-05-2026 15:49,Naranpura,Sewer leakage/blockage near the main road. Water is overflowing.,8334596029,38000,,,Vansha Parekh,Dolores nesciunt velit reiciendis repudiandae.
311-736763,18-04-2026,Nikol,"drainage line choke up hogayi hai, smell bohot gandi aa rahi hai.",,380099,22.9615818,72.55441219,Bhanumati Patil,
311-213446,"May 15, 2026",Ahmedabad City,"road damage ho gaya hai pipe fitting work ke baad, repairing baki hai.",12345,380011,23.04418306,72.57002173,,
311-987370,15-05-2026 07:58,Thaltej,"pani ka pressure bohot low hai, building ke upper floor pe nahi chadta.",12345,380047,,,Om Sami,
311-611403,19-05-2026,Jamalpur,"pani ka pressure bohot low hai, building ke upper floor pe nahi chadta.",,380056,23.09486381,72.56221977,Chaaya Memon,
311-650093,N/A,Navrnagpura,"pani ka pressure bohot low hai, building ke upper floor pe nahi chadta.",6807343507,380071,23.01795855,72.60430142,Ekavir Batta,Repudiandae quidem veniam laudantium.
311-327828,N/A,Nikol,Broken streetlight pole outside house number 45.,-173961,380035,22.99775727,72.51923245,તન્વી જૈન,Adipisci sit officiis consequuntur sunt.
311-628240,"Apr 28, 2026",Sabarmati,"yahan par kachra bohot jama ho gaya hai, clean karvao please.",8196562530,380051,22.95207032,72.58100974,Qabil Tara,
311-352267,"May 19, 2026",Chandkheda,"pani ka pressure bohot low hai, building ke upper floor pe nahi chadta.",,380068,,,પાર્થ જોષી,Assumenda debitis ducimus.
311-935272,19-04-2026 11:58,Thaltej,"સ્ટ્રીટ લાઈટ બંધ છે, રાત્રે અંધારું રહે છે.",8795117656,,23.00814524,72.63915816,મુકેશ ચૌધરી,Qui adipisci molestias architecto.
311-548108,20-04-2026,Main Chowk,પીવાના પાણીમાં ગંદુ ગટરનું પાણી મિક્સ થઈને આવે છે.,9137444688,380041,23.08401508,72.50596027,Xiti Mannan,Quisquam molestias cum eos debitis neque.
311-885360,06-05-2026,Thalteej,Garbage truck has not come since 3 days.,9637546203,380021,0,0,મહેશ કુમાર,
311-400643,07-05-2026 23:58,Astodia,Street light is not working. The entire alley is dark and unsafe.,12345,380072,23.03702353,72.61572684,Anmol Chander,Quia adipisci vel nobis at consequatur voluptas.
311-304381,"Apr 19, 2026",,"pani ka pressure bohot low hai, building ke upper floor pe nahi chadta.",,380033,,,Chaaya Balan,Illo a nisi suscipit ipsum totam.
311-712912,10-05-2026,Jamalpur,Huge pothole in the middle of the road causing traffic block.,8729127473,380050,23.09604854,72.57183727,શ્રીમતી કરણ ગઢવી,
311-357993,24-04-2026,,Water logging due to blocked sewer outlet in our society lane.,-126023,380041,23.00142642,72.53990187,હીરા ચૌધરી,Architecto iste ex esse excepturi assumenda.
311-607223,26-04-2026 18:58,Nikol,"street light kharab hai, switch board me se smoke nikal raha hai.",,380023,0,0,Girik Badal,
311-869104,09-05-2026 12:58,Ranip,Water logging due to blocked sewer outlet in our society lane.,+91 89696 69636,380018,23.05146281,72.61005956,શ્રીમતી કૃષ્ણ ગુપ્તા,Voluptas soluta ex non dolor a.
311-537467,15-05-2026,Bodakdev,Water pipeline leakage near the garden wall.,8174831602,380036,22.97730493,72.61150486,શ્રીમતી હર્ષ ગઢવી,
311-389760,11-05-2026 17:58,Maninagar,Broken streetlight pole outside house number 45.,+91 66471 54772,380066,,,Faras Raghavan,
311-644924,19-05-2026 15:41,Main Chowk,Garbage truck has not come since 3 days.,+91 61797 51591,380087,,,,
311-459642,30-04-2026,Jamalpur,"સ્ટ્રીટ લાઈટ બંધ છે, રાત્રે અંધારું રહે છે.",,380011,,,દર્શન ચૌધરી,Numquam nulla quaerat corporis placeat.
311-581869,20-04-2026,Nikol,"રસ્તા પર મોટા ખાડા પડી ગયા છે, બાઇક ચલાવવામાં તકલીફ થાય છે.",+91 86393 73657,380085,23.07515645,72.63428414,હર્ષલ જોષી,
311-771148,N/A,,Street light is not working. The entire alley is dark and unsafe.,6316140620,380064,,,Harsh Uppal,
311-677570,21-04-2026,Vastrapur,"ગટર લાઇન સાફ કરવાની જરૂર છે, ગંદકી વધી ગઈ છે.",12345,380027,22.95163042,72.52352752,શ્રીમતી સમીર ચૌધરી,
311-129475,25-04-2026,,"road damage ho gaya hai pipe fitting work ke baad, repairing baki hai.",,380088,22.97060177,72.60574706,Arya Badal,
311-704244,18-05-2026,Bopal,Water logging due to blocked sewer outlet in our society lane.,-126073,380082,,,રવિ શર્મા,
311-574820,N/A,Sabarmati,પીવાના પાણીમાં ગંદુ ગટરનું પાણી મિક્સ થઈને આવે છે.,8008066105,0,23.00743579,72.59336661,Girik De,
311-943300,N/A,Vastrapur,"કચરાપેટી ભરાઈ ગઈ છે, બહાર બધો કચરો પડ્યો છે.",7571343323,380017,22.97319924,72.5505187,Sneha Subramaniam,Labore architecto itaque exercitationem voluptate.
311-509180,"Apr 20, 2026",Ranip,Broken streetlight pole outside house number 45.,-86349,380052,,,અનિલ જૈન,
311-872818,07-05-2026,Girdhar Nagar,"road damage ho gaya hai pipe fitting work ke baad, repairing baki hai.",,380074,,,શ્રી માન પૂજા જોષી,Porro dignissimos inventore ipsa sed deserunt.
311-963992,19-05-2026,Satellite,"રસ્તા પર મોટા ખાડા પડી ગયા છે, બાઇક ચલાવવામાં તકલીફ થાય છે.",-108491,380089,23.08694607,72.6275429,શ્રી હર્ષલ ગઢવી,Voluptas corrupti quis minima placeat voluptates quae.
311-808047,25-04-2026,Thaltej char rasta,"yahan par kachra bohot jama ho gaya hai, clean karvao please.",,380042,,,Jeet Dutt,
311-138372,28-04-2026,Thaltej,"રસ્તા પર મોટા ખાડા પડી ગયા છે, બાઇક ચલાવવામાં તકલીફ થાય છે.",+91 96690 59075,380064,22.962281,72.50134031,દીપા ચૌધરી,
311-836472,07-05-2026,Navrangpura,પીવાના પાણીમાં ગંદુ ગટરનું પાણી મિક્સ થઈને આવે છે.,6384626286,380016,23.04464381,72.59626823,પ્રણવ પટેલ,
311-390957,08-05-2026 02:58,Bodakdev,"ગટર લાઇન સાફ કરવાની જરૂર છે, ગંદકી વધી ગઈ છે.",8019630608,380055,23.07398036,72.62368744,Aadhya Sengupta,Vero numquam sequi odio assumenda facilis.
311-893332,30-04-2026,Bopal,Broken streetlight pole outside house number 45.,,380028,,,મનોજ જોષી,
311-455186,06-05-2026 15:58,Satellite,Water pipeline leakage near the garden wall.,-173559,Ahmedabad,,,Ekansh Bobal,Vel earum fugit molestiae reprehenderit dolores laudantium.
311-834247,19-04-2026 08:58,Near Temple,"સ્ટ્રીટ લાઈટ બંધ છે, રાત્રે અંધારું રહે છે.",,380081,23.01813773,72.5924364,શ્રી કિશન શર્મા,
311-792067,"Apr 30, 2026",,Huge garbage pile at the corner of the street. Nobody is cleaning it.,+91 89034 04835,380045,23.06083474,72.64287614,,
311-413752,17-05-2026,Nvarangpura,"pani ka pressure bohot low hai, building ke upper floor pe nahi chadta.",-157410,380 001,22.98445361,72.64561418,સંદિપ ગઢવી,
311-729448,25-04-2026,Bopal,Sewer leakage/blockage near the main road. Water is overflowing.,6441533124,380094,,,Eta Guha,
311-620574,21-04-2026,Jamalpur,Water pipeline leakage near the garden wall.,7431618180,380040,0,0,દિનેશ ગઢવી,Dignissimos tenetur ad exercitationem doloribus expedita.
311-868674,13-05-2026 05:58,Thaltej char rasta,ગટર ઉભરાય છે અને ગંદુ પાણી રસ્તા પર આવે છે.,8253140819,0,23.05918974,72.50302339,Yasti Bhatia,Reprehenderit veritatis eveniet atque.
311-386129,03-05-2026 16:58,Jamalpur,"street light kharab hai, switch board me se smoke nikal raha hai.",+91 89141 35844,380054,23.00206433,72.60022815,Indali Bobal,
311-814614,19-05-2026 15:26,Nvarangpura,Sewer leakage/blockage near the main road. Water is overflowing.,-126814,380012,,,અક્ષય ગુપ્તા,
311-920338,N/A,Jodhpur,ગટર ઉભરાય છે અને ગંદુ પાણી રસ્તા પર આવે છે.,7467466463,380069,23.01079053,72.54689677,Indali Bali,
311-165460,02-05-2026,Paldi,No water supply in our area since yesterday morning.,9712790485,380035,22.95766945,72.56196796,શ્રીમતી કાજલ જૈન,
311-228589,"May 08, 2026",Vastrapur,"street light kharab hai, switch board me se smoke nikal raha hai.",8845929367,380046,23.00668849,72.52072769,કુમારી મનોજ પટેલ,
311-385271,19-05-2026 16:23,Chandkheda,"pani ka pressure bohot low hai, building ke upper floor pe nahi chadta.",8361477722,380036,23.01160007,72.50410063,Fitan Venkatesh,
311-437033,17-05-2026 13:58,,"સ્ટ્રીટ લાઈટ બંધ છે, રાત્રે અંધારું રહે છે.",+91 79538 38903,,0,0,વિક્રમ પટેલ,
311-256492,12-05-2026 14:58,Vastrapur,"સ્ટ્રીટ લાઈટ બંધ છે, રાત્રે અંધારું રહે છે.",+91 66058 03244,380043,23.00300442,72.53623937,Yatan Kuruvilla,
311-263652,19-05-2026 15:24,Shahpur,Street light is not working. The entire alley is dark and unsafe.,+91 96356 17916,,22.95740786,72.5798716,શ્રીમતી શ્વેતા જોષી,Nobis qui reiciendis laudantium.
311-158732,"May 19, 2026",Bopal,ગટર ઉભરાય છે અને ગંદુ પાણી રસ્તા પર આવે છે.,+91 60267 95394,Ahmedabad,,,કુમારી સોનલ જૈન,
311-514585,"May 02, 2026",Maninagar,Water logging due to blocked sewer outlet in our society lane.,+91 76049 26831,380081,,,Anirudh Iyer,
311-793338,29-04-2026 17:58,Ranip,Main road asphalt is completely ruined after recent rain.,7102004910,380037,23.0212792,72.57665238,Rudra Master,
311-306418,19-05-2026 08:58,Ranip,Sewer leakage/blockage near the main road. Water is overflowing.,,380065,23.06865512,72.60363283,Azad Lanka,Laudantium eligendi facere sed eos eaque.
311-228750,"Apr 28, 2026",,પીવાના પાણીમાં ગંદુ ગટરનું પાણી મિક્સ થઈને આવે છે.,+91 61297 03411,380085,,,Vamakshi Bains,
311-349621,28-04-2026 06:58,Shahpur,Sewer leakage/blockage near the main road. Water is overflowing.,-164222,380023,23.07706115,72.64787516,Wridesh Babu,
311-730766,02-05-2026,Ranip,Garbage truck has not come since 3 days.,8445814880,0,,,Charvi Kala,
311-470362,10-05-2026 15:58,Sabarmati,Water logging due to blocked sewer outlet in our society lane.,-133310,380086,,,,
311-714332,04-05-2026,Kalupur,"yahan par kachra bohot jama ho gaya hai, clean karvao please.",,380 001,23.09473424,72.49224081,Amaira Deep,
311-555634,14-05-2026,Satelite,"સ્ટ્રીટ લાઈટ બંધ છે, રાત્રે અંધારું રહે છે.",8398643331,380073,23.01413606,72.63007544,Baljiwan Bath,Ratione quia quo magnam ipsa.
311-777809,18-05-2026,Astodia,"રસ્તા પર મોટા ખાડા પડી ગયા છે, બાઇક ચલાવવામાં તકલીફ થાય છે.",-128459,380073,0,0,Ishwar Shenoy,
311-857762,18-05-2026,Paldi,Blockage in drainage pipe behind standard chartered bank.,6891143796,380082,,,કુમાર કુમાર,Eum quasi tempore officia veniam et.
311-207412,"Apr 22, 2026",Chandkheda,"yahan par kachra bohot jama ho gaya hai, clean karvao please.",8370199546,380051,22.99385127,72.61818853,કુમારી વર્ષા જોષી,
311-835201,N/A,Dariapur,No water supply in our area since yesterday morning.,6818649160,380082,0,0,કુમારી અંકિતા ચૌધરી,
311-554087,14-05-2026 10:58,Jodhpur,Blockage in drainage pipe behind standard chartered bank.,,380 001,,,વસંત ચૌધરી,Minus itaque quisquam repellendus occaecati.
311-537160,30-04-2026,Thaltej,Broken streetlight pole outside house number 45.,-130437,380 001,,,,
311-208929,13-05-2026 10:58,Bodakdev,"road damage ho gaya hai pipe fitting work ke baad, repairing baki hai.",,380079,,,Unni Sood,Minima nemo sequi exercitationem in.
311-969062,"Apr 27, 2026",Dariapur,"સ્ટ્રીટ લાઈટ બંધ છે, રાત્રે અંધારું રહે છે.",+91 82491 53475,380054,,,,Eveniet nobis eos accusantium ipsam ad et.
311-701938,26-04-2026 16:58,Satelite Road,Huge pothole in the middle of the road causing traffic block.,9397203550,380083,23.07035989,72.54642865,કાજલ ચૌધરી,Ut temporibus eos iure fuga.
311-744569,"Apr 20, 2026",Shahpur,Garbage truck has not come since 3 days.,,380067,,,Unnati Maharaj,
311-855473,05-05-2026 10:58,Bopal,"street light kharab hai, switch board me se smoke nikal raha hai.",7612138694,38000,,,હીરા શર્મા,
311-872773,24-04-2026,Naranpura,"કચરાપેટી ભરાઈ ગઈ છે, બહાર બધો કચરો પડ્યો છે.",+91 79743 96123,380077,22.96678128,72.56002874,,Amet voluptatem excepturi similique.
311-674533,19-05-2026,Ahmedabad City,Water logging due to blocked sewer outlet in our society lane.,+91 96883 99311,380044,22.94754762,72.60917198,Jason Hari,Officiis odio officiis dolorem.
311-882066,19-05-2026 09:58,Ahmedabad City,Sewer leakage/blockage near the main road. Water is overflowing.,9387048567,380049,23.07808527,72.53360304,શ્રી તન્વી કુમાર,
311-869009,03-05-2026,Near Temple,Garbage truck has not come since 3 days.,-184564,380095,,,,
311-755214,13-05-2026,Maninagar,Water logging due to blocked sewer outlet in our society lane.,12345,380089,0,0,,
311-552472,"Apr 30, 2026",Ranip,"કચરાપેટી ભરાઈ ગઈ છે, બહાર બધો કચરો પડ્યો છે.",+91 87055 20837,380072,23.08621019,72.56790536,આશિષ કુમાર,
